,0,1,2,3,4,5,6,7,8,9,10,11,12,13,14,15,16,17,18,19,20,21,22,23,24,25,26,27,28,29,30,31,32,33,34,35,36,37,38,39,40,41,42,43,44,45,46,47,48,49,50,51,52,53,54,55,56,57,58,59,60,61,62,63,64,65,66,67,68,69,70,71,72,73,74,75,76,77,78,79,80,81,82,83,84,85,86,87,88,89,90,91,92,93,94,95,96,97,98,99,100,101,102,103,104,105,106,107,108,109,110,111,112,113,114,115,116,117,118,119,120,121,122,123,124,125,126,127,128,129,130,131,132,133,134,135,136,137,138,139,140,141,142,143,144,145,146,147,148,149
0,0.23490269558736113,0.02496850204790561,0.0054700061265426855,0.013452012296967663,0.0,0.008943498544505327,0.0,0.013457758787657629,0.007610443306494171,0.004115793354627562,0.0,0.0,0.0,0.0,0.0033251284765125895,0.00886370068515147,0.002607470150572421,0.008862917072784655,0.0,0.0,0.0,0.0054700061265426855,0.0,0.0,0.0,0.0,0.0,0.011472215652212975,0.00308155563249468,0.006962918287383825,0.0,0.018987711260261556,0.013378744540670586,0.007593465038546543,0.0,0.011398164283549084,0.007689718757603486,0.004589878836549821,0.005854890400709323,0.005707832479870629,0.0,0.0,0.005847054277041188,0.0,0.0,0.0,0.0,0.0,0.0,0.022547531640634836,0.0,0.005707832479870629,0.026190545533951497,0.0,0.0,0.0,0.0027746407888260003,0.0,0.0,0.0220056636889832,0.039088674489643045,0.004043048006575028,0.006170947388657496,0.004201598908793657,0.0,0.0,0.0006342036088745142,0.0,0.0,0.0,0.008867357542863266,0.0,0.0,0.009735208239109384,0.001820462130169245,0.015220886612988342,0.014086999518208989,0.0,0.0,0.001264227951792689,0.0,0.0037259462021377713,0.0059349494641854515,0.0,0.007348324969795005,0.0,0.0022171005898380877,0.0,0.026585094360642172,0.00284451289153355,0.0,0.0,0.0044247978312744116,0.002133384668650163,0.010840624084561174,0.0,0.007438570994039711,0.004749213351135263,0.005390730675433371,0.0,0.023263361537719105,0.0,0.0,0.017019668801009077,0.0,0.0038844971043564,0.0,0.014866693823188573,0.0027746407888260003,0.004582826325248498,0.001187564541906087,0.0,0.006649734544780636,0.013793928493020687,0.0,0.0023782635332794287,0.013688793833806522,0.0,0.0,0.0,0.0,0.0,0.06086878841904505,0.0,0.0,0.015348354224656698,0.003087040919062375,0.0,0.0,0.02547340961625587,0.012818069892215421,0.0,0.0011891317666397143,0.0,0.0,0.0,0.003567395299919143,0.019312649188366955,0.0,0.002370427409611292,0.0019026108266235427,0.006500586990963772,0.0,0.01780406478018954,0.0026864843975594643,0.0,0.0,0.0,0.00411109168042668,0.006262760637635828
1,0.27767785302969944,0.025569859121196394,0.0026062132945320103,0.0,0.0,0.008839312859488312,0.0,0.0018759767319227027,0.012857554248615942,0.001964739373683444,0.0032194399520689538,0.0,0.0,0.0,0.0,0.007911400000137148,0.0016944305965753443,0.0054423865856403734,0.003872984220743644,0.006406588411954911,0.0,0.0032678304362524497,0.0,0.0,0.012458134049215353,0.0,0.0,0.013773334421352984,0.0015128844612279859,0.0,0.0,0.0,0.012006294721456895,0.002904738165557733,0.003449376571599808,0.007507966741259185,0.017993327505487842,0.003513936178920302,0.001226453315073887,0.01852986186909017,0.0,0.0,0.005636018653510857,0.0,0.009529200641565873,0.0,0.0029652535440068527,0.006281521218533797,0.0,0.01697662862733044,0.0,0.009182230739917155,0.005212426589064021,0.0,0.00977125436301385,0.0,0.0,0.0,0.0,0.02166055476409538,0.036293182623910666,0.011025947149050861,0.006777745763346876,0.00892403127237768,0.0,0.0,0.0,0.0,0.0,0.018211154815450072,0.005575503275061737,0.008411637604427601,0.0071932883317934624,0.007794405679761783,0.005531125850355616,0.021188494291980053,0.01185298805707266,0.00750393030473631,0.0,0.0,0.0038044115539457753,0.005204322546624272,0.03054828148481269,0.0,0.0,0.011711782909908547,0.0007745984026184289,0.01885265990569264,0.0,0.0059587699360223265,0.0,0.0,0.0031427866198768355,0.0,0.011360792156433956,0.0,0.008121193398796129,0.001379759979458123,0.0,0.016484456103737232,0.014213087816588317,0.0,0.0,0.0,0.0,0.0,0.0,0.0,0.0,0.0,0.0,0.0,0.0,0.0,0.0,0.0,0.009573570273923495,0.0,0.0021785536241682997,0.005567414817318988,0.0,0.0,0.041537908497506174,0.0,0.0,0.014378488205844177,0.007951748780668894,0.0,0.0,0.011614978564496057,0.013470773113804384,0.0,0.0,0.0,0.0,0.0,0.0009077306767367916,0.022059951586450473,0.0089684398664778,0.0019929866369950665,0.00576915092762922,0.0119578808602279,0.0,0.0,0.0015733998396771055,0.0,0.0,0.0,0.0007665333219211794,0.006592186568522143
2,0.0,0.052729816027382116,0.0044646887571141505,0.0,0.0,0.0,0.004805721309348724,0.005010976761584285,0.005460735808920331,0.0002195748569072533,0.0,0.0,0.0,0.0,0.00040255390432996437,0.006729391602911924,0.0032639231109132583,0.0,0.0,0.0029234242209371466,0.0042360991622959745,0.009797604466176623,0.0,0.0,0.009523401128380595,0.007500552739885308,0.010356614084125446,0.0,0.0022323443785570753,0.0,0.009174945238263328,0.0,0.015573379960203752,0.0,0.0,0.004346417057425677,0.0,0.002733018640049358,0.001024682665567182,0.005515894756485183,0.006130066517581246,0.008124269705568371,0.005318593108808393,0.0,0.0029642605682479195,0.001207661712989893,0.0,0.0015370239983507731,0.0,0.00280833212572275,0.0,0.005846848441874293,0.0,0.011884096073471606,0.0,0.002316675797723777,0.0025983024734024976,0.02189809259649902,0.0,0.018309050933633497,0.007319161896908443,0.0,0.001866386283711653,0.005196604946804995,0.0019761737121652793,0.0,0.003635185872519451,0.008330058820062394,0.0,0.0,0.005433154737346712,0.0,0.0,0.01803113432910493,0.0,0.03818376147937877,0.0,0.0,0.0,0.002054139531219057,0.0009514910465980975,0.01582053269310224,0.0,0.0,0.0,0.0,0.00211088987881214,0.0,0.0,0.0012442575224744352,0.0,0.0038425599958769323,0.0031472396156706304,0.004035617910145107,0.0,0.013293306363129292,0.0015736198078353152,0.0,0.0,0.0,0.0,0.002622700744919654,0.006989799611547563,0.22473019410312536,0.006270614622082568,0.009684634237666533,0.0070995902355835755,0.005209336147030843,0.0,0.0,0.024677255446202303,0.012113212939383472,0.0,0.01724564739629508,0.006001185484371232,0.00807176628696629,0.0,0.019300851056448676,0.006424954860161891,0.0,0.01653972407373201,0.0025659503973265714,0.0915585163350694,0.009771081132372772,0.0,0.005008324428203899,0.003926891415043635,0.0021225569501034484,0.0,0.007736038401492487,0.0,0.021045252373739318,0.0,0.006869409240737168,0.0,0.0,0.0,0.0,0.0,0.0023670605452039356,0.0,0.0,0.0034766019010315104,0.028895852403770125,0.0,0.0,0.006733628945155767,0.030804663239238392,0.0029504716302523027,0.004171922281237812
3,0.13644397886333404,0.03771296597988656,0.008965677160697403,0.0015599286722489166,0.0,0.00443981874025953,0.005673740455842884,0.015204798472588392,0.0,0.003936296451774962,0.0012097406029685477,0.012730113283932842,0.0,0.0035018806928036905,0.004284672530567891,0.0045524449006447976,0.0,0.009675925660617183,0.014093781483210267,0.009184087723979098,0.0,0.013880806891390892,0.0,0.0,0.0,0.0,0.0,0.0,0.002069293136656726,0.0,0.0,0.006849427584837584,0.014756480166822277,0.005305619654331871,0.007178465145373347,0.01623299355830213,0.0,0.008984609474493647,0.007669490673089593,0.015518308668485631,0.0,0.0,0.012780068467832731,0.007417620012938726,0.012467964057962013,0.0,0.002037457857631238,0.0034063748557272263,0.013657959938212475,0.01587474511815016,0.01486707530490294,0.010195568690844956,0.0,0.0,0.003639906579186527,0.0,0.0026423281591155118,0.0,0.0,0.03819533775962652,0.011301524054048273,0.0,0.0026423281591155118,0.012750451383755605,0.0,0.0,0.0,0.0,0.0,0.0,0.0060755085268668265,0.006940090827556406,0.0,0.013774616284033547,0.0008277172546626905,0.05382205523041785,0.0,0.0009550583707646429,0.004202256831364428,0.0,0.0013872559347875534,0.011819167921144848,0.0059781906993029215,0.0027059987171664883,0.0032471984605997855,0.0,0.001898432389682803,0.0,0.011680142453196412,0.0015280933932234288,0.0,0.0,0.0,0.0038353546432361766,0.005824856480098723,0.0,0.008744235993545506,0.0,0.00518915048115456,0.0,0.015526775243818153,0.0,0.0,0.0047424569932321275,0.0025149870430135595,0.0028333398332684406,0.0,0.021458415708378902,0.003930454275851721,0.003427338191828073,0.0015343417736075906,0.0,0.0017509403464018452,0.0,0.0,0.0012097406029685477,0.002355810647886119,0.0,0.014147985884363121,0.0,0.0,0.0,0.05215671650056004,0.016239054766042538,0.0,0.021865619750865165,0.002487588153884793,0.014430067005695792,0.0,0.029221194023596592,0.003915739320135036,0.020571058081101035,0.003285688324470356,0.0,0.001687269788350869,0.0,0.0008595525336881786,0.0,0.0,0.005846413193304248,0.005241949096280894,0.011524996243504775,0.0,0.03638394463168766,0.006471840626428448,0.0,0.0,0.0,0.006451283494788521,0.0
4,0.010388017147508026,0.039895389824966626,0.007826785280885817,0.0030004001414605398,0.009874181368731878,0.0,0.0,0.016115301483565728,0.0,0.0005642389353561072,0.0,0.0,0.0,0.0,0.0021228755706559433,0.0,0.0073482533068984085,0.0,0.0,0.007497104582680043,0.006189421247287827,0.0126277658473031,0.0,0.0,0.0,0.00479481298221881,0.0,0.0,0.003367820581071256,0.005452550420886223,0.0,0.0,0.017462348518107025,0.0031738440113781036,0.007215391104438025,0.005202003110414638,0.0,0.0018013924038288115,0.006957052252023831,0.0,0.0,0.009803651501812364,0.006400198869174298,0.0,0.010514305776333903,0.01799582727512873,0.001410597338390268,0.006344034117831901,0.0,0.006659755689896594,0.0,0.0,0.0,0.009633533290041036,0.0,0.0031738440113781036,0.010341267895852373,0.01563019593594381,0.0,0.030303733913348833,0.016498710996497697,0.0,0.0,0.014580445463529754,0.0035244633987955008,0.0,0.008586624743679215,0.0,0.0024685453421829694,0.0,0.02119142195459052,0.0,0.0,0.01125734418693398,0.0,0.02880085603995536,0.0,0.0,0.0,0.0,0.0019580352215530557,0.02547775476335959,0.0,0.0,0.0,0.0,0.0006347688022756207,0.0,0.0,0.0,0.0,0.0,0.0,0.008178622636611317,0.0,0.0,0.006770867224273287,0.0,0.0,0.0,0.0,0.0037840202195177954,0.0,0.13776656348574717,0.009432171167841308,0.00665731975328039,0.003971829205012475,0.013435572530060252,0.0,0.0,0.01631828756350959,0.008928640610281936,0.0,0.02322696660613363,0.0,0.00944816024116256,0.0,0.012166440914945044,0.008727684477518241,0.0,0.010416747378662257,0.00667412080547371,0.09191623290798508,0.03140063962685458,0.005007620551285452,0.003289499172209134,0.004787021440276201,0.0,0.0,0.031274756987464736,0.0,0.020375011751018697,0.0,0.00557185948664156,0.0,0.0,0.0,0.0,0.0,0.0011748211329318337,0.0,0.0,0.0,0.03225519556126738,0.0,0.0,0.007205569615315246,0.03299287836654106,0.00477801193002549,0.0
5,0.06732586890464345,0.031060206186529302,0.011320204701135124,0.01535497166809529,0.008210841262519477,0.00047271210201724456,0.0009267640755853914,0.005383317415255882,0.003989670959539853,0.002513031122130602,0.0011226912422909558,0.0,0.0,0.0018317593953168225,0.0,0.00759448827034446,0.0027806797596792916,0.0,0.0025112830419666116,0.0018317593953168225,0.0011226912422909558,0.012925519409052549,0.0,0.002599331079700207,0.0,0.0,0.0,0.0,0.0,0.012244247682238769,0.0028770890293296427,0.007728992862739242,0.013880079910850026,0.0,0.006197345654300452,0.008397244598538934,0.0,0.006351095856538968,0.009715863007535453,0.005022566083933223,0.006885032584395475,0.008715629380942946,0.00475880113963563,0.0,0.004343042437283434,0.002357532839728095,0.0,0.004222918383143613,0.0,0.00888394970588802,0.0,0.0,0.005229377628565768,0.01673209360844933,0.0,0.002068115446325445,0.005789164753998853,0.0063087209436004,0.003397618233248945,0.026975676089031567,0.0,0.0,0.0019794819271972118,0.011922952220901416,0.0,0.0,0.0035915993713189994,0.0,0.0023044714973340674,0.0,0.008484905103349412,0.0,0.0,0.019966050275850532,0.003570218148388157,0.06078856766055655,0.0,0.0,0.0031908066886164005,0.0041920133295266625,0.0018739363597838703,0.014209151122709502,0.0,0.0,0.0,0.0,0.0018912359409920957,0.0,0.0011226912422909558,0.003113445080338265,0.00030224779996514036,0.019874885246692148,0.0020090264335732894,0.005206050376999415,0.0,0.0,0.006726425674588107,0.0032203511949924785,0.0,0.0,0.010702878694642353,0.0017353501256664717,0.0,0.07138881983073882,0.006823222477161575,0.0031021731694881676,0.002752108267620969,0.008715431432471426,0.004402906515881825,0.00841940088731601,0.009790305572860323,0.002895361624855623,0.0,0.013148657520575563,0.006225529613435657,0.0034829451765007956,0.0008272461785301779,0.0033202566249708096,0.0020090264335732894,0.0,0.00839063981080609,0.0023344035366332622,0.07307052313261664,0.024283431900008985,0.0028362726121034677,0.005318011147694001,0.0013590472932995781,0.0021272044590776003,0.0,0.021681965207221675,0.006333210793936106,0.0,0.0029280147586365633,0.009085319061557073,0.0,0.005863607319323723,0.0023075801247389297,0.0005613456211454779,0.0,0.006363728314629938,0.0011522357486670337,0.012678278980116947,0.014236362067526952,0.05852452504752553,0.0031120845330973924,0.0,0.0026885500802230782,0.017581694024228104,0.01593984248927864,0.0
6,0.008993456926678692,0.055506072085275596,0.013664796446024804,0.0045303299036410834,0.0,0.0,0.0017066267247641091,0.006422078849251245,0.0,0.0,0.0,0.0,0.005608733271488301,0.0018872594674576013,0.0009970427375247705,0.0,0.006243560482903271,0.0,0.0,0.0,0.00499065320649923,0.004094996957691022,0.0,0.0,0.0,0.005028851272403469,0.008370673088637178,0.0,0.0029543552077542982,0.0066774683677691075,0.006988753139339923,0.0,0.024625234114499434,0.0,0.003879705586523034,0.005897142062496549,0.0,0.0,0.001230981336564291,0.0037745189349152027,0.0018516507982602882,0.013648785045421838,0.0033160957135026908,0.0,0.0,0.0,0.0,0.0,0.0,0.0033776447803309053,0.0,0.0,0.0,0.012870098096133391,0.0,0.0020653028134441677,0.002646609873613225,0.01443381512374684,0.0,0.022310670616674074,0.007939829620839675,0.0,0.0,0.014877391280179088,0.006645399136001536,0.0,0.003497678496919,0.01090406739506027,0.0,0.0,0.004912832013606526,0.001353129429497903,0.0,0.02339377775757374,0.0011694322697360763,0.04512145552753301,0.0,0.0,0.0,0.0019106104683815769,0.0,0.03345855917724016,0.0,0.0,0.0,0.0,0.0008902167299328309,0.0,0.0,0.0,0.0,0.003667692927323263,0.0018872594674576013,0.006136734475311331,0.0,0.022797148612063008,0.005327878375700947,0.0,0.0,0.0,0.0,0.0020789855428017313,0.010646992089996657,0.14576884113439748,0.00642514326631958,0.00971883801962111,0.00802494398349175,0.007276211889625355,0.0009614340683274575,0.0032403888969555045,0.011561295566676398,0.010148470721234273,0.0,0.02743029006550488,0.0,0.006806695335562205,0.0,0.010061241982236683,0.0,0.0,0.012925304033925054,0.006978609847412103,0.08807933260053527,0.018855679663811874,0.0,0.0,0.0,0.006528904856843184,0.008616869355950036,0.009222906047565652,0.0,0.02020902338820966,0.0,0.009407553248050296,0.0,0.009595739885964683,0.0007833907223408911,0.0,0.0,0.0,0.0,0.0,0.00997116312107064,0.042567346047454505,0.004536933758139162,0.0,0.010817052950962563,0.019756253980572413,0.001272718839898273,0.0032403888969555045
7,0.1539305301645338,0.0376599634369287,0.007495429616087751,0.027056672760511883,0.0,0.0,0.0023765996343692868,0.004478976234003656,0.0,0.005758683729433271,0.0,0.0,0.0033820840950639854,0.0,0.0016453382084095061,0.0,0.011882998171846433,0.0,0.009506398537477147,0.005758683729433271,0.0,0.010146252285191957,0.0,0.0,0.0,0.0031078610603290677,0.0,0.002650822669104205,0.0051188299817184636,0.019378427787934187,0.00319926873857404,0.0,0.020658135283363802,0.0024680073126142595,0.0,0.0,0.0,0.0005484460694698353,0.009780621572212064,0.013711151736745886,0.005850091407678244,0.009780621572212064,0.008226691042047532,0.012705667276051186,0.0,0.0,0.007312614259597805,0.0,0.0,0.004387568555758683,0.0,0.0,0.0,0.007221206581352833,0.0,0.0,0.0,0.005027422303473491,0.00996343692870201,0.010329067641681901,0.029341864716636197,0.0,0.004844606946983547,0.01206581352833638,0.0,0.0,0.002650822669104205,0.004936014625228519,0.0,0.0,0.005850091407678244,0.0,0.0,0.0,0.0017367458866544788,0.030530164533820837,0.0,0.0,0.006764168190127971,0.0036563071297989027,0.004021937842778793,0.02276051188299817,0.0,0.00603290676416819,0.0,0.0,0.0,0.0,0.007495429616087751,0.0,0.0,0.0,0.008409506398537476,0.0028336380255941495,0.0,0.0,0.013436928702010967,0.00996343692870201,0.00530164533820841,0.0,0.008043875685557585,0.0016453382084095061,0.014716636197440583,0.08217550274223034,0.0023765996343692868,0.00786106032906764,0.004204753199268738,0.01572212065813528,0.007586837294332723,0.011151736745886653,0.009140767824497256,0.0,0.0,0.0,0.0,0.004204753199268738,0.004113345521023766,0.005027422303473491,0.0,0.0,0.0,0.0031078610603290677,0.06517367458866545,0.013711151736745886,0.0,0.008500914076782448,0.0032906764168190122,0.0,0.0,0.0033820840950639854,0.007952468007312613,0.02056672760511883,0.006307129798903108,0.0,0.014442413162705666,0.006489945155393052,0.002650822669104205,0.002102376599634369,0.0,0.0033820840950639854,0.0,0.0,0.011700182815356489,0.020109689213893965,0.004021937842778793,0.0,0.0,0.0,0.0,0.0
8,0.3872639261517459,0.011917734378063904,0.0,0.00680417087573859,0.0,0.012805910892275275,0.002239333982061266,0.0,0.0,0.004931083333918049,0.0019447348985125203,0.0,0.0,0.0,0.0020398739924702386,0.0,0.0,0.0,0.0,0.0,0.0,0.0,0.0,0.0,0.01625598915166876,0.0,0.0,0.030657156686126924,0.0,0.003291089828251957,0.0,0.0063425737042674835,0.008038944123413312,0.002446054758083701,0.0,0.0011468949401484093,0.004737174752786909,0.0,0.0,0.0,0.0,0.0,0.002393519875092332,0.007729074596652324,0.006632044653901672,0.0,0.00528547808688957,0.0,0.0,0.008396220399251109,0.0,0.0,0.003340954825649714,0.0,0.002402490039495259,0.0,0.0,0.0,0.0,0.01712772307777313,0.005285689724162234,0.029446086812990612,0.0,0.005892079349716152,0.0,0.0,0.0,0.0,0.004612780875830898,0.008902880030009512,0.007903870704082855,0.0,0.0027868884458145003,0.002443384872490089,0.006821362334195016,0.03822628234401563,0.037694421598019966,0.0,0.007922022670161372,0.0,0.001196759937546166,0.0,0.009143234852595371,0.002094329890705791,0.0,0.0,0.0,0.007729074596652324,0.0,0.0,0.0,0.0,0.002543114867285603,0.0,0.013276478228149308,0.0,0.01075973662099572,0.0016455449141259786,0.004238524778809339,0.0,0.01532169199180677,0.0,0.0,0.0064940897117049395,0.0,0.0,0.0015375936252769657,0.0017126013699801609,0.006405250896556535,0.0,0.0024922893622657547,0.0,0.0,0.0,0.0,0.0,0.005738853964307178,0.0,0.005162256354828316,0.012993730831869763,0.0,0.0,0.026884819979626485,0.0,0.005136094731968964,0.015963636679168298,0.004674497560497857,0.0,0.0,0.004984578724531509,0.007469607300365856,0.0,0.0028766877685849957,0.0,0.0,0.001994599895910277,0.0,0.05943225566603038,0.008227724570629893,0.0,0.002742574856876631,0.006283738542466801,0.0,0.020397030546730865,0.0019447348985125203,0.006394359716909425,0.0,0.0,0.0,0.0
9,0.08718304967002434,0.0,0.008336227856894756,0.026919069121222657,0.0,0.0,0.0010420284821118446,0.0053838138242445314,0.0,0.00746787078846822,0.007120527961097605,0.0,0.0,0.0,0.006252170892671068,0.0,0.013893713094824596,0.0,0.0,0.008683570684265372,0.0,0.023966655088572427,0.0,0.0,0.0,0.0,0.0,0.0,0.0,0.025356026398054888,0.0,0.0,0.01910385550538382,0.0,0.006425842306356376,0.004689128169503301,0.0,0.010420284821118446,0.00816255644320945,0.0,0.009725599166377216,0.030739840222299416,0.010593956234803754,0.0,0.0,0.0,0.0163251128864189,0.0,0.0,0.01493574157693644,0.0,0.0,0.0,0.0,0.0,0.005904828065300453,0.0,0.01771448419590136,0.0,0.020493226814866282,0.03369225425494964,0.0,0.0,0.0,0.0,0.0,0.00955192775269191,0.0,0.0,0.0,0.011114970475859676,0.0,0.0,0.018061827023271974,0.0,0.07988885029524143,0.0,0.0,0.0,0.0,0.00816255644320945,0.017367141368530743,0.0,0.0,0.0,0.0,0.002431399791594304,0.0,0.0,0.0,0.0,0.0,0.0,0.0,0.0,0.0,0.015456755817992362,0.0,0.0,0.0,0.01615144147273359,0.004168113928447378,0.0163251128864189,0.12156998957971522,0.0,0.0,0.0,0.012504341785342135,0.011809656130600907,0.0,0.014762070163251132,0.0,0.0,0.0,0.012678013199027444,0.0,0.0,0.009204584925321294,0.0,0.0,0.0,0.0,0.06113233761722822,0.0,0.0,0.0,0.009204584925321294,0.0,0.0,0.007294199374782913,0.013893713094824596,0.0,0.005904828065300453,0.0,0.0,0.0,0.010246613407433141,0.0,0.0,0.0032997568600208415,0.0,0.0,0.0,0.0420284821118444,0.0,0.0,0.0,0.03056616880861411,0.004689128169503301,0.0
10,0.328005328005328,0.0636030636030636,0.007992007992007992,0.01332001332001332,0.0,0.004662004662004662,0.00666000666000666,0.0,0.0,0.0,0.0,0.0,0.0,0.0,0.0,0.0,0.0,0.0,0.0,0.01332001332001332,0.0,0.032301032301032304,0.0,0.0,0.0,0.0,0.0,0.026973026973026972,0.004995004995004996,0.011655011655011656,0.0,0.0,0.016650016650016652,0.0,0.0,0.0,0.0,0.005994005994005994,0.0,0.0,0.0,0.0,0.007992007992007992,0.0,0.0,0.0,0.01332001332001332,0.009657009657009658,0.0,0.0,0.0,0.0,0.0,0.0,0.0,0.0,0.0,0.0,0.015984015984015984,0.026973026973026972,0.0,0.0,0.0,0.014985014985014986,0.0,0.0,0.0,0.0,0.0,0.0,0.018315018315018316,0.0,0.0,0.0,0.0,0.0,0.010656010656010656,0.0,0.0,0.0,0.0,0.0,0.0,0.0,0.0,0.0,0.0,0.0,0.0,0.0,0.0,0.0,0.01098901098901099,0.0,0.007992007992007992,0.0,0.020646020646020648,0.0,0.023643023643023647,0.0,0.0,0.0,0.0,0.03263403263403264,0.0,0.0,0.0,0.0,0.0,0.0,0.00333000333000333,0.0,0.0,0.0,0.0,0.0,0.025641025641025644,0.0,0.0,0.0,0.0,0.0,0.08624708624708625,0.0,0.0,0.0,0.009657009657009658,0.02197802197802198,0.0,0.015651015651015652,0.032301032301032304,0.0,0.0,0.0,0.0,0.0,0.0,0.004995004995004996,0.0,0.0,0.0,0.0,0.0,0.05028305028305029,0.0,0.0,0.0,0.0,0.0,0.0
11,0.13669836750322287,0.04065797078734368,0.0,0.0265014589158835,0.0,0.0,0.0029760418104242212,0.002631174287095147,0.02148979757915499,0.0015415746471891525,0.0,0.0,0.0,0.0,0.0029642692746908103,0.0028633367241917775,0.0061873335246725985,0.004952798658061453,0.01267553189646815,0.0,0.0,0.006113610843544606,0.0,0.0,0.0,0.0025829294818081184,0.0,0.0,0.0044278791116710604,0.02026394778154973,0.0,0.006826313630492884,0.027841745793251275,0.0,0.0,0.012586371881702531,0.0,0.0,0.0,0.0,0.0,0.013542808830636785,0.002785949245159567,0.0,0.006549571186013444,0.0,0.004720636220964822,0.0,0.0,0.024683719155391595,0.0,0.0,0.010516212890218769,0.0,0.0,0.0,0.0034824365564494588,0.0,0.0,0.03140350263310709,0.006113610843544606,0.010679472106445008,0.0,0.012302877172591346,0.0,0.0,0.0009286497483865224,0.0,0.0,0.0,0.0065860434555670595,0.0,0.0,0.015041158943640578,0.0,0.04182475709543781,0.0,0.0,0.007841035926917502,0.0,0.0041814340032901845,0.022248812367016153,0.0,0.0037145989935460895,0.0,0.0,0.0009224748149314709,0.0,0.0,0.005627096371081972,0.0,0.0,0.0,0.006032558566608178,0.0,0.0,0.00924076281412903,0.007065228332221259,0.0,0.0,0.025947974026924617,0.0,0.009828209837090696,0.062333995323015035,0.0009224748149314709,0.014588606605180729,0.0041962940057511215,0.002386661983088413,0.006059191104802526,0.0,0.005645621171447127,0.0,0.0023984345188218245,0.0,0.0,0.0,0.009937250125418922,0.0021668494129018856,0.004796869037643649,0.004256311346771561,0.0,0.0,0.0651515973774706,0.009905597316122906,0.006887485633866708,0.03513489443348826,0.0,0.0,0.0,0.008921950497817611,0.018523018168913344,0.018910733706095154,0.0038390766155119447,0.0,0.0,0.0,0.0,0.0,0.0,0.0,0.0,0.01263037455790865,0.0,0.02514746669840816,0.0,0.0,0.0,0.010423965408725621,0.0002767424444794413,0.027964491421687058
12,0.11326665268565958,0.020791672361786123,0.0,0.04191213413337794,0.0,0.0,0.00019614785246968043,0.004903696311742011,0.0,0.0008499740273686152,0.0,0.0,0.0018307132897170174,0.007845914098787217,0.001927416057306926,0.0,0.0,0.003269130874494674,0.0,0.0,0.0024191568471260585,0.0,0.0,0.0,0.0,0.004380635371822862,0.0,0.0,0.0,0.02919673052272753,0.003988339666883502,0.0,0.020576761285754225,0.0,0.007565909070243303,0.007913750368589094,0.0,0.00019614785246968043,0.001634565437247337,0.0,0.002223008994656378,0.0,0.0,0.0,0.006080583426560093,0.001634565437247337,0.0,0.0,0.0,0.012584494043181682,0.0,0.010863617777548129,0.0,0.0,0.0,0.009577037971135524,0.01080357546214902,0.013447602327043852,0.0,0.027086156536955536,0.0,0.0,0.004830375407360408,0.014525044356982163,0.0,0.0,0.004937614446642949,0.0,0.005607028530347421,0.0,0.010471466405097708,0.00863050550866594,0.0,0.016857890375722006,0.0029787339067470675,0.023406977061381867,0.0,0.0,0.008829107013447603,0.006307907096640849,0.001634565437247337,0.006799792218948921,0.0,0.0,0.0033998961094744607,0.008565122891176046,0.005643688982538222,0.0,0.0,0.008760982078667847,0.0,0.0,0.0,0.0045557106809072795,0.0,0.028150752975378175,0.0032037482570047805,0.0,0.0,0.0,0.008303592421216472,0.0037581293470239432,0.0,0.15042447463334857,0.0,0.006865174836438815,0.010607427609679341,0.0,0.002942217787045207,0.0,0.012087701616249644,0.0,0.0,0.0,0.0,0.006483126738214206,0.00750052645275341,0.004205271397760566,0.0,0.0,0.01242269732307976,0.0,0.08191763608785634,0.012945758262998909,0.0,0.004249870136843076,0.0,0.007126705306398389,0.0,0.005813712654509733,0.0,0.010984279738302103,0.005112834088216306,0.005557522486640945,0.011564496343841556,0.0,0.011679673670015805,0.0,0.0,0.0,0.0,0.0,0.004184487519353183,0.050780210918839386,0.01541947279094435,0.0,0.0,0.0,0.0,0.0
13,0.19405815423514539,0.03876949009692373,0.0,0.026337968815844926,0.0,0.0,0.005899705014749263,0.006321112515802783,0.0,0.004003371260008429,0.008217446270543617,0.0,0.0,0.0,0.005899705014749263,0.0,0.0,0.010745891276864728,0.0,0.0,0.0,0.04171934260429836,0.0,0.005689001264222504,0.0,0.0,0.0,0.0,0.0,0.020648967551622422,0.0,0.010324483775811211,0.012431521281078804,0.0,0.0,0.006110408765276023,0.0,0.0,0.0,0.0,0.0,0.0,0.009692372524230932,0.0,0.02107037505267594,0.0,0.011378002528445008,0.009270965023177414,0.0,0.02865571007163928,0.0,0.0,0.01411715128529288,0.0,0.0,0.0,0.0,0.006110408765276023,0.0,0.02528445006321113,0.0,0.0,0.004214075010535188,0.009270965023177414,0.0,0.0,0.012642225031605565,0.0,0.0,0.0,0.0,0.0,0.0,0.0,0.0,0.03455541508638854,0.0,0.0,0.0,0.0,0.0069532237673830604,0.0,0.0,0.0,0.020227560050568902,0.0,0.0012642225031605564,0.0,0.0,0.006531816266329541,0.0,0.0,0.0,0.0,0.0,0.0,0.019174041297935103,0.012010113780025287,0.0,0.0,0.0,0.0023177412557943535,0.0,0.08449220396123051,0.003792667509481669,0.011799410029498527,0.013274336283185842,0.0,0.010113780025284451,0.0,0.018752633796881586,0.0,0.00716392751790982,0.0,0.0,0.0,0.012220817530552045,0.004214075010535188,0.00716392751790982,0.0,0.0,0.0,0.06468605141171513,0.0,0.0,0.0,0.011167298777918248,0.0,0.0,0.011588706278971767,0.01685630004214075,0.0,0.004424778761061947,0.0,0.0,0.0,0.0,0.0,0.0,0.006110408765276023,0.0,0.0,0.01685630004214075,0.03729456384323642,0.006110408765276023,0.0,0.0,0.0,0.0,0.0
14,0.004634554967618313,0.07613244217394592,0.0,0.002442979397369968,0.009434996259094126,0.0,0.002350479434045516,0.00928332171000588,0.0,0.0004221919790012741,0.0,0.0,0.0,0.0,0.0,0.0,0.007340822480192383,0.0,0.0,0.00422191979001274,0.011089521908843773,0.0,0.0,0.0,0.0,0.007420274412090968,0.0,0.0,0.0,0.0,0.004858698988544815,0.0,0.01841846010095368,0.0,0.0,0.008040514349167013,0.0,0.0012546916489213438,0.0024049990464357573,0.0,0.0,0.01351014332804077,0.004116371795262422,0.0,0.0,0.0,0.0,0.0,0.0,0.007670514495869204,0.0,0.0,0.0,0.005488495727016562,0.0,0.0,0.003607498569653636,0.038739111594099866,0.0,0.024113149989448725,0.0,0.0,0.003271987837259874,0.013877568840003206,0.0,0.01562110322304714,0.01672969218494858,0.012648973253933594,0.0036999985329780882,0.0,0.010800137730787937,0.0,0.0,0.015420480923636995,0.0,0.053657031718142206,0.0,0.0,0.0,0.0036999985329780882,0.0,0.01992455557699665,0.0,0.0,0.0,0.0,0.0013721239317541405,0.0,0.0,0.0,0.0,0.008879996479147412,0.0,0.002744247863508281,0.0,0.0,0.016301681489230366,0.0,0.0,0.0,0.0,0.004819554894267216,0.0,0.18897664924296026,0.0013721239317541405,0.008417496662525151,0.007382294061156759,0.005625958501335555,0.0,0.00795499684590289,0.0405119864153771,0.01129363543828408,0.0,0.00998999603904084,0.007029997212658368,0.01255647329060914,0.0,0.022564419189097993,0.0,0.0,0.0,0.001387499449866783,0.08558256709650408,0.013597494608694475,0.0,0.0,0.0058228427160669375,0.0,0.009527496222418576,0.009047293400996899,0.0,0.0,0.0,0.0066495236692700665,0.0,0.0,0.0,0.0,0.0,0.002127499156462401,0.0,0.0,0.006197497542738298,0.03673743777852257,0.010496541777962849,0.0,0.0,0.018684992591539346,0.0,0.0
15,0.23850348834489507,0.04005749053224284,0.0028316443879926947,0.0,0.0,0.002884981369268402,0.0,0.0043183462913255295,0.013295615877338414,0.0033221319766011917,0.0,0.0,0.0,0.0,0.0,0.004819820234881182,0.0049964879104023785,0.004217342705521035,0.0,0.007350403057467144,0.0,0.009997228603364947,0.0,0.0029521398938647243,0.01981513154210858,0.0,0.0,0.0,0.0027713966350566797,0.0,0.0,0.0,0.015631279499249036,0.0018676803410164582,0.010634791588846655,0.0,0.0,0.0008308873926969803,0.0,0.0,0.009331668132695325,0.018523171640177746,0.012701466713825302,0.024738790551167716,0.0,0.0070477466986003405,0.009861316760712231,0.0,0.0,0.008572192047154856,0.0,0.0036751129290969018,0.0,0.020689432756774158,0.0,0.0,0.00416152493441855,0.0,0.0,0.01980804357117493,0.025419767358618024,0.0,0.003012387646800739,0.006885432164219783,0.0,0.0,0.00045398453830020546,0.0,0.0,0.0,0.007458317414931947,0.0,0.001084459552848266,0.01477788779883772,0.0023496623645045765,0.054742880310396445,0.0,0.0020484235998245023,0.0,0.002723907229801233,0.006174863078121491,0.0057235365289214045,0.0,0.0,0.0,0.007944729420253595,0.000542229776424133,0.0,0.0,0.0,0.0037901152574953533,0.00427759045845705,0.0,0.0,0.0021086713527605173,0.0,0.018241601994838545,0.0,0.0,0.0,0.005362050011305315,0.0,0.0,0.0,0.0,0.03644386575099534,0.0,0.013280199540557728,0.0,0.0,0.0007832207881681921,0.0,0.0,0.0,0.0,0.006882419776572983,0.00843769779868887,0.0,0.007519982762054692,0.0,0.0,0.0,0.05565120378554353,0.03337814112291889,0.016308003524139154,0.005145158100735662,0.004380011638448275,0.0,0.004518581470201109,0.0053608096163919264,0.004819820234881182,0.0,0.0015132817943340185,0.004639076976073138,0.009037162940402218,0.0,0.0,0.0019672663326342236,0.0,0.0,0.0016869370822084138,0.0029521398938647243,0.0,0.0416001874059515,0.011433428713795534,0.0,0.016930150172840178,0.0,0.0,0.0
16,0.20882701421800948,0.0,0.005627962085308057,0.012342022116903632,0.0,0.00315955766192733,0.0035545023696682463,0.0,0.01925355450236967,0.009083728278041074,0.002567140600315956,0.0,0.002567140600315956,0.0,0.0,0.007503949447077409,0.0060229067930489735,0.006812796208530806,0.0,0.008392575039494471,0.0,0.0084913112164297,0.0,0.007306477093206951,0.0071090047393364926,0.0,0.005825434439178516,0.007602685624012638,0.005035545023696682,0.0084913112164297,0.0,0.0,0.012243285939968405,0.0,0.010959715639810425,0.0032582938388625595,0.006615323854660348,0.0039494470774091624,0.008096366508688783,0.015205371248025276,0.0,0.005035545023696682,0.02132701421800948,0.01708135860979463,0.0,0.0,0.006714060031595577,0.01066350710900474,0.0,0.008293838862559242,0.0,0.009182464454976303,0.0,0.013033175355450238,0.0,0.0,0.00740521327014218,0.0,0.010268562401263824,0.012539494470774092,0.0,0.0,0.0,0.008787519747235387,0.0,0.0,0.0020734597156398106,0.0,0.0,0.0,0.012144549763033174,0.014218009478672985,0.0,0.014119273301737756,0.0,0.06506714060031596,0.0,0.0,0.0,0.0,0.007602685624012638,0.010268562401263824,0.0,0.0,0.0,0.0,0.0014810426540284361,0.0,0.0071090047393364926,0.0,0.0,0.0,0.00533175355450237,0.0,0.004344391785150079,0.0,0.05460110584518168,0.005035545023696682,0.020438388625592416,0.0,0.0,0.0010860979462875198,0.0,0.02340047393364929,0.005529225908372828,0.0,0.0033570300157977884,0.022018167456556083,0.005134281200631912,0.0,0.004048183254344391,0.0,0.0,0.0,0.003060821484992101,0.00533175355450237,0.010367298578199052,0.0,0.008688783570300158,0.0033570300157977884,0.0,0.0023696682464454974,0.03949447077409163,0.0,0.0,0.007701421800947867,0.008984992101105845,0.008787519747235387,0.0,0.004146919431279621,0.010959715639810425,0.0,0.00424565560821485,0.0,0.0,0.007010268562401264,0.005134281200631912,0.007701421800947867,0.0,0.006911532385466035,0.0,0.0,0.008886255924170616,0.017180094786729858,0.0020734597156398106,0.0,0.0,0.0,0.0029620853080568723,0.0
17,0.22327048408054884,0.036755739678836226,0.0,0.023907444397214105,0.0,0.0050095930771787535,0.0,0.0,0.0,0.0007128256179247886,0.004412914247231945,0.0,0.0,0.0027023108289745096,0.0,0.0,0.0035709107382877444,0.0025463584728240064,0.003619166288805147,0.012809023907735773,0.0,0.0038121884908747542,0.0,0.002268010874317892,0.0,0.0,0.0,0.002268010874317892,0.0,0.018974548669364925,0.0,0.007141821476575489,0.020134527280225707,0.0019784775712134803,0.002123244222765686,0.0,0.0,0.00228544503329382,0.006569003324744297,0.007073217980066683,0.0025575441774223035,0.0,0.00628607460554163,0.005790666062088235,0.0,0.00942030579644345,0.0034261440867355388,0.01089421258281043,0.007190077027092891,0.006141307953989423,0.0,0.0,0.019404445568087045,0.0,0.0,0.0,0.0025092886269049014,0.0,0.005163343905362009,0.01966553707237929,0.0046807884001879895,0.0,0.0019805010344186714,0.0,0.002640668045891562,0.0,0.0,0.0027988219300093134,0.0,0.0,0.019511786244196035,0.0,0.0,0.013686429928918002,0.0,0.050137047544117026,0.005362614561809248,0.0,0.004998407372580457,0.0019302220206960782,0.001061622111382843,0.011313279906458367,0.0,0.0,0.0,0.0,0.0003860444041392157,0.0,0.012536924763607288,0.0011581332124176468,0.0025639706965619913,0.010249456267108275,0.004584277299153185,0.0036123836401413456,0.005529396493033935,0.0,0.027964779502324198,0.0,0.0,0.0,0.02070936889526209,0.0008203443587958332,0.0,0.054657836661744126,0.0,0.0,0.002952216628668455,0.013162223457128324,0.001013366560865441,0.004584277299153185,0.0018050910560870484,0.0,0.0,0.0,0.002268010874317892,0.003040099682596323,0.0032395484038056184,0.0,0.0,0.007334843678645097,0.0,0.0,0.07446998578411876,0.008444721340545342,0.0,0.003715677389839951,0.002074988672248284,0.013826615459773652,0.0,0.026170874150835445,0.007856492492943413,0.0,0.0,0.0034743996372529405,0.0,0.003017906338161785,0.0008203443587958332,0.003518074067073789,0.0,0.006808079549364058,0.0033778885362181366,0.0,0.010098085031654326,0.020341114779622915,0.005821131324105595,0.0,0.008299242429944908,0.0,0.0011953811230988082,0.0
18,0.4344668562182391,0.0,0.0,0.0,0.0,0.005863202669773818,0.0,0.0,0.0,0.0016460622641142671,0.0,0.011478614007239828,0.0,0.002330683047155295,0.0,0.0018354615134051466,0.0,0.004486564865773942,0.006686324084547319,0.00221414889479753,0.0,0.02378794012225238,0.0,0.0,0.0036708257992695893,0.0,0.0,0.006424059738323326,0.00244721719951306,0.0,0.0,0.00642403195902598,0.005746668517416054,0.0019228135139031184,0.0,0.005091146548342787,0.0,0.0003277609845366333,0.0008740061426832355,0.004981966964956826,0.0,0.0,0.005105716789799676,0.008718442188674447,0.0,0.0,0.0,0.0,0.0,0.014734521276556221,0.0,0.0,0.006176310074961532,0.0,0.002665743042069044,0.0,0.0,0.0,0.0,0.01750214489163411,0.014100632435289534,0.009839989649989396,0.0015732527257758398,0.0032046891898385305,0.0,0.0,0.0,0.0,0.0,0.0,0.00925729110890323,0.007407398250527913,0.005550039705991417,0.003088155037480766,0.0011653415235776475,0.046461354000593494,0.008973226959088589,0.00615453805066823,0.0,0.0016388049226831664,0.0019301264139289064,0.0,0.008594511798398862,0.0,0.009468504051433424,0.01767712668560349,0.0,0.0,0.009242776426041028,0.004574041873109962,0.001893700810286685,0.0023889501233341774,0.0,0.0,0.011420499717196336,0.0,0.017691558030573658,0.0,0.018303341495978915,0.0,0.02399906972689055,0.0,0.0,0.0,0.0006409378379677061,0.0,0.0,0.010349767535547762,0.0,0.0,0.00013110439381465333,0.0,0.0033794904183751776,0.0,0.0,0.0,0.013889600058192071,0.0,0.0,0.0,0.0,0.0,0.031115104817226704,0.0,0.0,0.01752409748136014,0.0,0.0,0.0,0.006802733230067037,0.013707541488224326,0.0,0.0,0.0,0.008128472416508506,0.0,0.0007866263628879199,0.009599622334896751,0.0,0.009439321899573631,0.003860252827857813,0.004260892798976233,0.0048361673228472365,0.020590452715250264,0.0,0.007290794649926789,0.0,0.0,0.00045886537835128664,0.0
19,0.2929816910599394,0.015524992840812943,0.0,0.018476140723584906,0.0,0.004764202462444697,0.0013751832083701446,0.0,0.016357479391808514,0.0032123147521214367,0.0,0.016604270417981758,0.0,0.0,0.0021692169521109273,0.0042730221022756155,0.0052407668102198105,0.012715682036061306,0.0,0.002656202928441599,0.0,0.008603787746473874,0.0,0.0,0.005254662314960554,0.0,0.0,0.012571443265863569,0.0,0.0138849287176904,0.0,0.009065736081855024,0.016032822074254733,0.003060407721900103,0.0,0.009030516981567682,0.0,0.000750666044994365,0.0,0.006871481488794571,0.002407619210607355,0.0083728135787833,0.002829433554209529,0.0,0.0031181512638227466,0.0,0.0070203949812662,0.0,0.0,0.010705079697324342,0.0,0.0037533302249718246,0.0,0.0,0.0008084095869170084,0.0,0.004858125781525646,0.0,0.0,0.02606678320248943,0.04421359188624666,0.0,0.0021365110511378078,0.0044001316607651655,0.0,0.0,0.0007471921688091791,0.0,0.004234088956585349,0.005023688147269981,0.0016745627157566602,0.0,0.007788910745621978,0.01009517854634253,0.0,0.05117768434089667,0.012975648059322071,0.0015590756319113733,0.006063071901877564,0.0,0.00295234872886067,0.0,0.013910446697075408,0.002887177096132173,0.0,0.014955577357964656,0.00046194833538114766,0.0,0.0,0.012549639331881489,0.0006641708167192704,0.0,0.006392644110922977,0.0020755338022477197,0.012932520529793396,0.0,0.0062043171343255975,0.0,0.007795378159556866,0.0,0.02643852226419256,0.0,0.0,0.02507771489899864,0.0,0.0,0.0,0.002739464449749249,0.0019055368834472342,0.00481523842121471,0.001241606235945705,0.0,0.0033491254315133204,0.0,0.0,0.0026566832668770816,0.007871932097711887,0.0,0.0,0.0,0.0,0.0011766747724349486,0.04340865617551485,0.0,0.0033491254315133204,0.006558686815102795,0.00333151588136965,0.0,0.0,0.006092303926665496,0.016065047636792368,0.0,0.003334989757554836,0.0021942545930604515,0.0,0.004157535018430329,0.0,0.018761384557012938,0.0,0.000750666044994365,0.001270357922298156,0.0,0.0,0.020909518082795012,0.003522356057281251,0.0017323062576793038,0.0,0.0,0.0,0.0
20,0.030445860184143726,0.07120002015570279,0.004583943696431911,0.01696935008038679,0.007871984898237303,0.0,0.0,0.0,0.0,0.0,0.0,0.0,0.0,0.006205954542861664,0.0,0.004321874061777343,0.007166705918343355,0.0,0.0,0.0,0.006558622469183927,0.007122743282148047,0.0,0.0,0.0,0.008473357362828754,0.0,0.0,0.0,0.018245403985062258,0.0090229187516454,0.0,0.01829465578706114,0.0,0.0014809664250010788,0.004263295128683982,0.0,0.0006174105802539061,0.003826853640763157,0.0,0.0,0.02367697915608004,0.002855523933674316,0.0,0.0,0.0,0.007616398757148406,0.0,0.0,0.0,0.019393607946442702,0.0,0.0031642292238012685,0.006251282125070799,0.0,0.0,0.0,0.012978816663465677,0.0,0.01811635971400514,0.009661542867864182,0.0,0.0046997366166048075,0.005148121382146608,0.008026280670550204,0.018829430260728003,0.007062913148542012,0.0,0.0,0.0,0.011020176006376118,0.0,0.0,0.006251282125070799,0.0,0.0625456368277904,0.0,0.0,0.0,0.0025468186435473627,0.002238113353420409,0.022637800257553936,0.0,0.0,0.0,0.0,0.0030244928756358444,0.0,0.0,0.004784931996967772,0.0,0.0,0.0,0.002392465998483886,0.0,0.0,0.006096929480007322,0.003385066114288181,0.0,0.0,0.005170813609626463,0.0031854996325167218,0.0,0.21123267535162857,0.0009167887392863823,0.0,0.008868566106581922,0.0023152896759521474,0.0048141645907638754,0.0,0.010993559559106511,0.004630579351904295,0.0,0.0,0.0,0.01866057506426763,0.0,0.009956996807106908,0.0,0.0,0.011036214122038571,0.0,0.07632425498260746,0.01203950631495117,0.0,0.0,0.002238113353420409,0.007640455930642087,0.0,0.00477293184659622,0.0,0.0,0.0029539706649215074,0.006981698860719373,0.0,0.004442899275003237,0.0,0.0,0.0,0.0,0.0,0.0,0.005788224189880369,0.031236277671650062,0.0027783476111425775,0.0,0.010495979864316404,0.039448759727586345,0.0,0.0
21,0.10613282491261518,0.05163647918652684,0.0,0.02621544327931363,0.0,0.0,0.0014299332697807433,0.0,0.0,0.0,0.005401970130282809,0.0,0.0,0.0,0.0,0.005560851604702891,0.007785192246584047,0.0,0.0,0.015888147442008258,0.0,0.01890689545598983,0.0,0.0,0.0,0.0,0.014934858595487764,0.0,0.0,0.017635843660629168,0.0027009850651414044,0.004448681283762313,0.020654591674610735,0.0,0.0,0.0,0.0,0.0017476962186209087,0.012074992055926277,0.0,0.01223387353034636,0.0319351763584366,0.006196377502383221,0.0,0.0,0.0,0.0,0.014458214172227516,0.0,0.006355258976803303,0.0,0.0,0.0,0.026692087702573874,0.0,0.0,0.0,0.006831903400063552,0.0,0.0,0.016364791865268506,0.0,0.0,0.0,0.0,0.0,0.0033365109628217342,0.0,0.0,0.0,0.027486495074674287,0.0,0.0,0.02383222116301239,0.0,0.02017794725135049,0.0,0.0,0.0,0.0,0.0027009850651414044,0.025262154432793133,0.0,0.0,0.0,0.0,0.0,0.0,0.0,0.0,0.0,0.0,0.0,0.0,0.0,0.0,0.006196377502383221,0.0,0.0,0.0,0.022561169367651727,0.0033365109628217342,0.010327295837305368,0.06863679694947568,0.005878614553543056,0.012392755004766443,0.0017476962186209087,0.022402287893231645,0.007467429297743882,0.0,0.008738481093104543,0.0,0.0,0.0,0.009374006990784873,0.0,0.0,0.004130918334922147,0.0,0.0,0.0,0.0,0.07133778201461709,0.04448681283762313,0.011757229107086112,0.0,0.006037496027963139,0.015729265967588175,0.0,0.01398156974896727,0.0,0.0,0.00492532570702256,0.0,0.0,0.0,0.0,0.0,0.0,0.014934858595487764,0.00857959961868446,0.0,0.019383539879250077,0.035271687321258335,0.0,0.0,0.0182713695583095,0.013187162376866854,0.0019065776930409911,0.0
22,0.08935297463362854,0.018316421714251074,0.0,0.017938509226153344,0.0,0.0,0.003801678405071159,0.0,0.0,0.007794497926837776,0.0,0.0,0.0,0.0,0.0013761878483021775,0.00592185062941952,0.009690685465028997,0.007317631851778238,0.0,0.005928193808070918,0.0,0.0,0.0,0.0,0.0,0.0,0.0,0.0,0.0037183713254494663,0.014889131809137979,0.0022230726780265945,0.002752375696604355,0.03518843116981605,0.0033052189559550815,0.006059568085917649,0.005370980803427006,0.0,0.0015879090557332817,0.0,0.0,0.009501517781691752,0.0,0.015238570473067212,0.0,0.0,0.0,0.01762783443176043,0.0,0.0,0.010685577796619366,0.0,0.0,0.0,0.006335002998913906,0.0,0.0,0.0,0.013808958964567707,0.0,0.02707536471515251,0.04905913040659069,0.0,0.0,0.004128563544906532,0.004657866563484293,0.0,0.018395781927156345,0.0,0.0,0.0,0.02622016327341848,0.0,0.0,0.0,0.0,0.026028599278146262,0.0,0.0,0.0,0.006501617158157291,0.0030699575077510113,0.0,0.0,0.011301148044856138,0.0,0.006880939241510887,0.0027543491299625677,0.0,0.0,0.0,0.08095855296589413,0.0,0.0,0.0,0.0,0.0,0.025162543952942068,0.0,0.0,0.0,0.009421593730684139,0.0,0.0,0.09311053270719111,0.0,0.0,0.0071377674971297095,0.0053690073700687945,0.010377299314161426,0.00952745433439969,0.017443036493716372,0.0,0.0,0.0,0.0,0.0,0.004763727167199845,0.007317631851778238,0.0,0.0,0.0,0.0015148920214794123,0.09806145412436998,0.0,0.0,0.0,0.0,0.0174669996130661,0.0,0.006269315859990541,0.006472720455412034,0.0,0.006141888448860235,0.0,0.0,0.0,0.0,0.0,0.0,0.003917829054154534,0.0,0.009421593730684139,0.00936478704187273,0.0604690992051997,0.0,0.0,0.0,0.006472720455412034,0.002032918278010243,0.0
23,0.3147116273916271,0.05119026337584915,0.005378204935951944,0.0,0.0,0.009376255426294215,0.0,0.00817073442192699,0.014066074447874314,0.0,0.004033653701963957,0.0,0.0,0.0,0.0,0.006515902133941778,0.008067307403927915,0.0,0.0,0.013530701285375707,0.0,0.00922029652424738,0.0,0.0,0.0,0.0,0.0,0.004911746746561687,0.0,0.0,0.0,0.022510177312099693,0.00697985063985082,0.0,0.0,0.0,0.0,0.0008274161439926067,0.0,0.005998767043946399,0.0,0.011374571413090225,0.002895956503974123,0.0,0.0,0.004739404755454261,0.0,0.0,0.012100961105891872,0.002585129866611415,0.0,0.0,0.0,0.0,0.0041022413250530205,0.0,0.0,0.0,0.0,0.031041869688629035,0.024719057301779125,0.0,0.0018095909066279902,0.004911746746561687,0.0,0.0,0.0,0.0,0.0,0.0,0.008462886520094087,0.0,0.0,0.017684055977726234,0.003257678275288148,0.05339619721535498,0.0,0.009152254484523796,0.0,0.0,0.0,0.0,0.0,0.0,0.0,0.02249062983951931,0.0003446839822148553,0.0,0.0,0.0,0.0,0.0,0.0,0.0022753943959796684,0.010548464669174772,0.0,0.0033096645759704267,0.0023266168799502733,0.0,0.0,0.04426152610329584,0.0,0.0,0.0,0.0,0.0,0.0,0.011376971979898341,0.0,0.0,0.0,0.0,0.0031021558399336974,0.0,0.0,0.005998767043946399,0.011169026777169229,0.0,0.0,0.0,0.0,0.0,0.06311637280715238,0.023271079049792063,0.023251095110519295,0.0,0.0,0.00922029652424738,0.0,0.016788925144029337,0.0,0.0,0.0,0.0,0.0,0.0,0.0,0.006825637604573523,0.0,0.00827405232325297,0.0031883268354874115,0.0,0.0,0.049689753239814324,0.0,0.0,0.0,0.0,0.0014479782519870616,0.0
24,0.023119648036465577,0.07309791436946181,0.011180349471216974,0.006080925218508719,0.0,0.0,0.0007467619910388563,0.007878468013081704,0.014698634352764372,0.0,0.0,0.0,0.0036485551311052316,0.0,0.0019980810253503825,0.007055344489326899,0.00900237143457244,0.0,0.0,0.0030957437476044386,0.006354037098639449,0.0,0.0,0.0,0.0,0.002045402118952933,0.010724540839915378,0.0,0.0,0.011421621172357588,0.00226652667235325,0.0,0.024830069513698365,0.0,0.0031749050201971044,0.007211361366378463,0.0,0.0,0.004252420594710864,0.005306989281607609,0.0,0.0,0.0032063060243045973,0.0,0.0,0.0,0.0,0.0,0.0,0.0,0.0,0.02628752625854072,0.0030573159453749898,0.015259899852755648,0.0,0.0032063060243045973,0.0038804394691297943,0.01831534930487949,0.0,0.029281601020818105,0.008789700997662603,0.0,0.008359144922111787,0.014871065391053945,0.0030957437476044386,0.0,0.00902345182893831,0.0,0.0029299003325542012,0.0,0.010586310545610015,0.0,0.0,0.01878570560416795,0.0,0.06659066013364752,0.0,0.0,0.0,0.001990120980602854,0.0,0.022965058477782532,0.0,0.0,0.0,0.0,0.0019990142719759547,0.0,0.0,0.0,0.0,0.0,0.0,0.0046946697015114985,0.0,0.0,0.01143051446373069,0.004821152067706714,0.0,0.0,0.0,0.0007739359369011097,0.00895554441271284,0.18029155502932648,0.0032494000596619086,0.006854861155409829,0.005911787991838814,0.0027087757791538843,0.0028413516968454843,0.01214916926228172,0.014061995463543054,0.0,0.0,0.00446838484324037,0.0,0.009686825489139262,0.0,0.009984311575255528,0.0,0.0,0.0055833949733580055,0.005682703393690969,0.08185385379802285,0.0,0.0,0.0,0.00528964187374403,0.0,0.021784940671316144,0.00694104922612445,0.0,0.015699843291422513,0.0009397793519513476,0.0,0.0,0.0,0.0,0.0,0.0,0.0011609039053516645,0.0,0.0,0.0,0.02949383228284532,0.002704548720908645,0.0,0.0,0.027425483276275375,0.0008844982136012682,0.0
25,0.0563402735198225,0.05247337434989871,0.009959955863415745,0.01977005289050507,0.0,0.0,0.0001363805609354119,0.0,0.0,0.0,0.0,0.0,0.011784032980386352,0.005682523372308829,0.0,0.0,0.00785316998728764,0.0,0.0,0.0,0.0,0.003955036267126945,0.0,0.0,0.0,0.007537087678165792,0.0,0.0,0.0,0.016163828205437988,0.002727611218708238,0.0034095140233852974,0.023231341015726957,0.0,0.007926334086398684,0.007491627491187321,0.0,0.0,0.0,0.005091540941588711,0.003454974210363768,0.0072736299165553015,0.0030003723405790618,0.0,0.0,0.0,0.0,0.0,0.0,0.005404736889632562,0.0,0.0,0.0,0.011825215167909933,0.0,0.00797960291093638,0.005868539035353387,0.005909824307201182,0.0,0.022878354518536415,0.01776552666399747,0.0,0.0,0.013046223217146304,0.007172658820987474,0.0,0.0037745871575899544,0.0047278594457609464,0.003727735332234592,0.0,0.0097638894787603,0.0,0.0,0.022809468418880267,0.0,0.051773070993349414,0.0,0.0,0.0,0.0028639917796436497,0.0,0.008228293843103184,0.0,0.0020457084140311785,0.0,0.0,0.003130335902332139,0.0,0.0,0.0,0.00022730093489235317,0.0,0.0,0.002500310283815885,0.0,0.010455843005048246,0.0038036827080994177,0.005977215684156228,0.0,0.0,0.012001386277992033,0.005829495847557252,0.0,0.17019657459037382,0.0020457084140311785,0.0060007446811581235,0.0073808118426570354,0.0035749901348301727,0.002500310283815885,0.006228045616050477,0.01947878813243779,0.00927387814360801,0.0,0.006773567859792125,0.0065945103886320255,0.011398317210257799,0.0,0.012003525277719477,0.0,0.0,0.0,0.00413826865341772,0.11494510347398296,0.01504732188987378,0.01065031158267837,0.0,0.0012728852353971777,0.013579658823873835,0.0,0.006639970575610496,0.0,0.007500930851447655,0.0026366908447512964,0.005637063185330359,0.0,0.00641192227936759,0.0,0.0,0.0,0.0032745251008267774,0.0,0.0,0.0,0.03242499378401525,0.0,0.0,0.0,0.005637063185330359,0.0,0.0
26,0.0013688843413493328,0.055183023603044765,0.0,0.0,0.0,0.0,0.0,0.0,0.0,0.0,0.0015757166515074285,0.0,0.0,0.01234847390587068,0.002472818352654884,0.004988681044007875,0.014138559708129992,0.0,0.0,0.0,0.006054232492867072,0.0,0.0,0.0,0.0,0.007700265781105732,0.0,0.0,0.002363574977261143,0.0,0.0030201235820559043,0.0,0.059914835333818806,0.0,0.013379760392319124,0.006426095310178719,0.0,0.0,0.0036029363095612427,0.00655919174304739,0.005121079117399142,0.03308857133626877,0.01066405805518567,0.0,0.0,0.0,0.0,0.0,0.0,0.0,0.0,0.02231938750572495,0.0,0.007484654094660285,0.0,0.0,0.004464530512604381,0.009754757737192669,0.0,0.03380269378473306,0.0,0.0,0.008201107431250453,0.014114706650655064,0.0,0.0,0.008964568523313078,0.005711972861714429,0.008546242126745133,0.0,0.030920174228536334,0.0,0.0,0.018307992528315435,0.0,0.05555325389170795,0.0,0.0,0.0,0.0019696458143842856,0.006139078634569726,0.03638871892955604,0.0,0.0,0.0,0.0,0.0,0.0,0.0,0.0,0.00026261944191790474,0.008141202699455048,0.0,0.002560539558699571,0.0,0.0,0.0,0.0,0.0,0.0,0.0,0.006698582480816289,0.0,0.14021600820951494,0.0013130972095895237,0.0022171915751146107,0.006158814092009059,0.01855732500095548,0.0,0.0,0.009939523701785554,0.010570432537195666,0.0,0.00636852146650919,0.0030857784425353807,0.010151017788195403,0.0,0.006953665082140405,0.0,0.0,0.0,0.00497469571525261,0.0686474759538053,0.004004946489248047,0.006499831187468143,0.0,0.006778766846267187,0.006434176326988667,0.009700213141126422,0.012936492585843931,0.0,0.032420368290844624,0.0,0.012813263881694925,0.0,0.005186733977878619,0.004289088100515006,0.0,0.0,0.0019400426282252842,0.0,0.0,0.0,0.046077277630053065,0.0,0.0,0.007353344373701333,0.014134596291355644,0.0,0.0
27,0.03246613219538043,0.05157833456910214,0.005534358011702849,0.010871095526721976,0.006100371899263368,0.0,0.0017891328408915128,0.0,0.025629988372189574,0.00098084471229857,0.0026413981419490867,0.0,0.0,0.0,0.0006289043195116873,0.012110329192200849,0.013033542281283533,0.0,0.006917947514628562,0.014684808224161797,0.0,0.006414824059019211,0.0,0.0,0.0,0.0,0.0,0.0,0.0,0.008055572384426916,0.0,0.0042136589407283055,0.026858027848313818,0.003950349464754757,0.0,0.008938836979081936,0.0,0.0026816849223187844,0.002201165118290906,0.007900698929509514,0.005031234556093498,0.03157548681653554,0.012060754925058903,0.0,0.006666385786823886,0.002515617278046749,0.015143616221364481,0.002704288573900256,0.0,0.014615428852777038,0.0,0.0,0.005395599268933326,0.006603495354872718,0.0,0.00472114936031666,0.009118220788163192,0.006642552004544103,0.0,0.03454308486640935,0.01849919749348569,0.0,0.003083199582247615,0.004276549372679474,0.0,0.0,0.0017222137309033743,0.0,0.0,0.0,0.013527378250120632,0.0,0.0,0.023947384849771828,0.0,0.08014246143617144,0.0,0.0,0.0,0.0,0.0,0.024522686224104598,0.0,0.006455449125330945,0.0,0.0,0.0019737754587080495,0.0,0.0,0.006744499086166659,0.00048174993472618985,0.0,0.0,0.004335749412535709,0.0020995563226103866,0.011886291638770892,0.0,0.005780999216714279,0.0,0.0,0.006100371899263368,0.00044023302365818115,0.0,0.07085359076688501,0.0,0.013342735632304096,0.003918120040458999,0.00881831492391488,0.0,0.009924048655359511,0.008590925264332023,0.0,0.002201165118290906,0.005534358011702849,0.0,0.0,0.0018867129585350621,0.00585843594417298,0.0,0.0,0.0,0.0,0.0691865483978009,0.029298668660298486,0.0,0.006037481467312199,0.0020753842543885684,0.0,0.0,0.011807624780613878,0.0044652206685329805,0.02301789809412776,0.0012578086390233746,0.0,0.0,0.0,0.0,0.0,0.0,0.004257974399134973,0.0,0.0,0.0,0.04502530532612765,0.0025785077099979184,0.0,0.0,0.010791198537866652,0.0005780999216714278,0.029155204667607924
28,0.41484138943707083,0.0,0.0,0.0,0.0,0.013095903540195967,0.0,0.0,0.0,0.0005691868113084747,0.006357646972982527,0.0040687050451282,0.0,0.0,0.00010849880120341868,0.0020072278222632457,0.0,0.0027124700300854673,0.0,0.008093051932224595,0.0,0.005262191858365806,0.0,0.0,0.010307386114324775,0.0,0.0,0.013107810292810078,0.0,0.0,0.0,0.0,0.011563573920702416,0.0023869736264752112,0.0,0.0,0.013380496945850204,0.004174036616262147,0.0,0.006130182267993156,0.0,0.0,0.007307155448515599,0.007377918481832471,0.0,0.0,0.0027124700300854673,0.004838087896122034,0.0,0.007402019917067012,0.0,0.0,0.010632882517935031,0.0032253919307480227,0.02707314389266497,0.0,0.0,0.0,0.0,0.004285702647535038,0.01638331898171622,0.02020613180145085,0.0,0.002656205119439548,0.0,0.0,0.0,0.0,0.0,0.010791887629658057,0.0033077737866726914,0.0045569496505435845,0.0020072278222632457,0.0050451942559589695,0.0,0.017197059990741864,0.0029294676324923045,0.02194585571078765,0.0,0.0,0.0008137410090256401,0.0,0.029838999533333205,0.0021699760240683737,0.0018444796204581178,0.0,0.0,0.020536810945174785,0.0,0.0,0.0,0.0,0.005977901168770562,0.0,0.019603240242344246,0.0,0.009122926753638124,0.0016817314186529898,0.014655213894987217,0.0,0.01751334263415002,0.0,0.0,0.0,0.0,0.0,0.0,0.0024412230270769203,0.0,0.0,0.0,0.0,0.0,0.0,0.0,0.0,0.015115613975085958,0.0,0.0,0.0,0.0,0.0,0.04357168568808505,0.0,0.0030379664336957234,0.007215170280027342,0.003741768991486367,0.0,0.010435091540655368,0.00047432234275706216,0.01214668299466921,0.007486417283035889,0.0,0.0,0.0,0.0,0.0,0.02886135860247717,0.017739655619114128,0.0011934868132376056,0.0018024249024768365,0.0,0.0,0.0159952232073211,0.0,0.002658220629483758,0.0,0.0,0.0022767472452338987,0.0
29,0.053270752850867326,0.0,0.0,0.018926109027263424,0.0,0.003998866808784991,0.0012159287567858688,0.016051654990312615,0.019814461741678866,0.0012121829064410253,0.0,0.0,0.005429924611902382,0.0,0.0014289275294479952,0.0,0.01348707713799591,0.0,0.0,0.014294122024506297,0.004026703337874343,0.03941173564905042,0.0,0.0,0.0,0.0,0.0,0.0020957603765237266,0.0,0.016886536405912353,0.0024768077177098583,0.0,0.0269837762503509,0.0,0.004575799247584481,0.00914087564112838,0.0,0.003160239542840411,0.004484283262632791,0.0,0.0038436713679709635,0.0,0.02057178117971839,0.0,0.0,0.0,0.004118219322826033,0.0,0.0,0.0098992244731558,0.0,0.017751384624270835,0.0,0.0,0.0,0.0037152115765647876,0.0,0.01878053556080848,0.0,0.034270241513700984,0.0,0.0,0.007786865118577251,0.01325373353693412,0.0,0.0,0.013337757821196122,0.0,0.004758831217487859,0.0,0.021613785243966014,0.0,0.0,0.016473906685292024,0.0,0.07307882377153802,0.0,0.0,0.0,0.0,0.0029285115184540674,0.0,0.0,0.0,0.0,0.0,0.0029081666900544027,0.0,0.006001495623681579,0.0,0.0,0.0,0.0,0.0,0.0,0.0,0.011294439349500205,0.0,0.0,0.0,0.0,0.0,0.01839471297528961,0.14030921708653907,0.002000498541227193,0.0,0.0008573565176687971,0.012435451099389204,0.006819263364232547,0.0,0.023091408827896974,0.0,0.0,0.0,0.0,0.0,0.0024768077177098583,0.011061095748438412,0.008001994164908773,0.0,0.0,0.0011897078043719648,0.07933297843069315,0.0,0.0,0.0,0.0075701204955702815,0.0,0.0,0.005496835221115616,0.009792210389830787,0.017571069110724404,0.0,0.0,0.0,0.0,0.017153592660077734,0.0,0.0,0.006552207110067166,0.0,0.0,0.0,0.048118021164483354,0.0,0.0,0.0,0.03024463905550814,0.002771700500964592,0.0
30,0.16117435221281862,0.05064560165622298,0.005440756489671182,0.03292732933479095,0.0,0.0,0.0012148631487918886,0.009963021830666286,0.0,0.0,0.0021667165762412244,0.013116109394743029,0.0,0.0,0.0,0.0,0.003583415876091256,0.0,0.0007772509270958832,0.0023803309642311424,0.0,0.0048578182943492705,0.0062180074167670655,0.004333433152482449,0.0,0.0,0.0,0.0,0.0037500863819559653,0.024291373857371887,0.00252606551306162,0.0,0.012191320552396492,0.0021374400495136787,0.0,0.01021973385833838,0.0,0.0,0.005777366103037171,0.004760661928462285,0.0,0.006363741965597543,0.0,0.0,0.0033033164401575035,0.0,0.0023317527812876495,0.0,0.008416860546167833,0.00808188523362013,0.012873218480025565,0.008833536810829608,0.013666981480906185,0.010809786897739895,0.0,0.002234596415400664,0.005796667759253117,0.004505584201608475,0.0,0.027236567086322706,0.009181276576320119,0.0,0.0,0.012802309548832236,0.0021374400495136787,0.0,0.0012148631487918886,0.0,0.0019917055006832005,0.0,0.0021860182324571716,0.014810696188902066,0.0,0.009327011125150598,0.00265879609934661,0.06814314474558548,0.0,0.0,0.0,0.003500080623158901,0.003011847342496547,0.0,0.0,0.0,0.003500080623158901,0.0,0.0021177298180931605,0.0,0.0016516582200787517,0.002750063346767708,0.0,0.0,0.0,0.006165174416175969,0.0,0.0,0.0,0.0,0.0,0.0,0.028697350241865947,0.00565845662970681,0.007821087453902325,0.07464346353991104,0.005921874926253935,0.011705130147756993,0.006644249976735866,0.006346483185404452,0.005582236220854057,0.0,0.005977567953277028,0.0,0.0,0.012913287027673852,0.0,0.008241032320200669,0.005803782603332718,0.004137486119890193,0.0,0.0,0.0,0.003297835896896187,0.06811427679406251,0.0,0.0,0.005440756489671182,0.0,0.004954974660236255,0.0,0.012491538794955332,0.0,0.0,0.003339299235760079,0.011010397323184323,0.0,0.0051978655749537195,0.0,0.0,0.0,0.003416745370226546,0.0,0.0,0.005149287392010226,0.035728013740525005,0.007150967763205025,0.0,0.0,0.01855710539401689,0.0,0.0
31,0.23598517298713528,0.04686160244910847,0.0034059746914423933,0.023961706961667963,0.0,0.0,0.0011555985560250976,0.0012772405092908974,0.0,0.0,0.0,0.0,0.0,0.0,0.0,0.006021276686657088,0.005430726367967611,0.0,0.0,0.004739330597137589,0.0,0.005792515174279275,0.007964708364634004,0.007785382488221039,0.0,0.0,0.0,0.0,0.002372018088683095,0.017664477742524387,0.0,0.015989940226691056,0.01506496918899649,0.0,0.0,0.0012164195326579976,0.0,0.0005924163246421987,0.0024328390653159952,0.0063191074628501185,0.0,0.009083716977847045,0.004715883826688179,0.009427251378099482,0.0,0.005004979531537311,0.0,0.004607682524994878,0.019961449939630647,0.005851470144959453,0.0,0.0,0.014349639863555478,0.010096282121061381,0.0,0.0018430730099979512,0.0,0.000987360541070331,0.0,0.020791362847994557,0.0,0.0,0.004934936699398935,0.005068450777494366,0.0033570258396391256,0.005858339210350631,0.000973135626126398,0.0,0.004607682524994878,0.0,0.011637116253847554,0.0,0.002764609514996927,0.01747701175318723,0.00302447112658676,0.0532206262132081,0.0,0.0,0.0044760344528521675,0.0,0.007212978401332662,0.013996775433539435,0.0,0.008712706316029904,0.0,0.0057779927801254885,0.0,0.0,0.0,0.0,0.0,0.014928318057415324,0.0,0.0026761229718475945,0.0,0.0,0.0028585859017462942,0.003162690784910794,0.009183967471567881,0.0,0.013779291087571548,0.0008514936728605983,0.0,0.03895820184526894,0.0059573186565384535,0.0,0.001443909997502797,0.010933064094816466,0.001581345392455397,0.0,0.0010531845771416864,0.0,0.0,0.0,0.0,0.011382257701696177,0.0027977649251133946,0.0,0.0,0.0,0.0,0.0,0.06686091337908417,0.010136901554988732,0.003041048831644994,0.0,0.005947312537661543,0.006142918639922888,0.0,0.027202878170851173,0.005265922885708432,0.00924478844820078,0.0011190086132130419,0.0,0.0,0.0033570258396391256,0.0,0.0,0.0,0.014646578202118947,0.005278281794699644,0.0,0.00523060399042939,0.03396165990586567,0.0013380614859237973,0.0,0.006386202546454487,0.0,0.0014389069380643413,0.0
32,0.0,0.051444705244860826,0.007015796403163373,0.0,0.0,0.0,0.0,0.0,0.0,0.0004652422435090556,0.0,0.0,0.004384872751977109,0.020204347789635913,0.00291209967615981,0.0,0.0041510128718716625,0.0,0.0,0.0,0.003624828141634409,0.0,0.0,0.0,0.0,0.01055242937434939,0.0,0.0,0.00953746599193564,0.0,0.0,0.0,0.02836219090960632,0.0,0.008910455180207597,0.014100211170693667,0.0,0.0,0.0,0.0,0.0,0.01216071376548318,0.005350285800354139,0.0,0.0,0.0,0.0,0.0,0.0,0.0,0.0,0.026915431759158302,0.0,0.02894064681811535,0.0,0.0032740383214762405,0.008839602626672056,0.017203809615494496,0.0,0.029134623103458202,0.0,0.0,0.009379413698769407,0.020750352653487854,0.004911057482214361,0.0,0.007285823602978657,0.005788032032609783,0.0,0.0,0.003800223051713494,0.0,0.0,0.008711280533927855,0.0,0.03151261884420882,0.0,0.0,0.0,0.0,0.01658942971480885,0.011225274245061397,0.0,0.0,0.0,0.0,0.0008769745503954216,0.0,0.0,0.0,0.0,0.0,0.0,0.003624828141634409,0.0,0.015259357176880336,0.003858688021739855,0.0,0.0,0.0,0.0,0.006117762960802345,0.0,0.2439497438391515,0.00786427951148768,0.00567110209255706,0.010135742034059352,0.0016954841307644818,0.0,0.0,0.024191114576586757,0.01099141436495595,0.0,0.0631944166860573,0.0,0.008606981504917528,0.0,0.006431146702899759,0.0,0.0,0.0,0.009320948728743044,0.07818721961064189,0.0,0.0,0.0,0.007443875896144889,0.0,0.0,0.006882762604548716,0.0,0.0,0.0,0.009062070354086025,0.0,0.0,0.0,0.0,0.0,0.001461624250659036,0.0,0.0,0.0,0.01619479669730212,0.012354933378359252,0.0,0.0,0.029184416765028136,0.0,0.0
33,0.09412200951084995,0.06449008741824969,0.0,0.02852656113725088,0.0,0.0,0.0020882738464916297,0.0,0.0,0.0,0.0,0.0,0.0,0.007473633901141322,0.001244065992578148,0.0,0.003285821801363857,0.0,0.0,0.0,0.0,0.005154230276649188,0.008182340564180586,0.009437104912960266,0.0,0.006246911698722694,0.0,0.0,0.0,0.01930295918683526,0.005711552369183809,0.0,0.02022691224824461,0.0,0.002383831502950249,0.0047029521021460475,0.0,0.0014174133260785268,0.002199219762655665,0.00412338422131935,0.0045983685946436635,0.0,0.005476369668939762,0.0,0.0,0.001610696961452871,0.0033502496798219717,0.001288557569162297,0.0,0.0016751248399109859,0.02579084994387098,0.0,0.0,0.003865672707486891,0.0,0.008417523264424633,0.0057979430106376625,0.00873070773633911,0.0,0.022008364031483412,0.0,0.0,0.0014818412045366413,0.011272003193159316,0.0,0.0,0.004789625768896237,0.005540797547397876,0.003285821801363857,0.0,0.011705371526910263,0.0,0.0,0.00914875874105231,0.0015994325546586656,0.05633371725526096,0.0,0.0,0.0,0.0013529854476204118,0.0033389852730277662,0.0072159223873088625,0.0,0.0,0.0,0.007297411030630162,0.0018684084752853304,0.0,0.0,0.002512687259866479,0.0,0.0065072157242696,0.0,0.0023194036244921345,0.0,0.0,0.006662370191721447,0.0,0.0,0.0,0.01875633545050217,0.004811871557188311,0.0,0.11974295370882401,0.002512687259866479,0.01082996296432861,0.00852846918058867,0.0,0.006697906847929498,0.0,0.01589723654893127,0.0,0.0,0.007087066630392633,0.006542469355181315,0.005218658155107303,0.0,0.007246557045384361,0.0,0.0,0.0,0.0,0.10758917954442138,0.0,0.0,0.0,0.00821528470867419,0.0,0.0,0.0036322334430682777,0.0,0.013143287205455429,0.007364431420802722,0.008097127307959494,0.0,0.0022549757460340195,0.0,0.0,0.0,0.0,0.004509951492068039,0.0028348266521570535,0.0181545217813834,0.04301331281935795,0.0028348266521570535,0.0,0.010096418001282826,0.02297275574723336,0.000386567270748689,0.003865672707486891
34,0.4231024900333461,0.04092486030192105,0.0,0.002645449121072843,0.0,0.009950173624393294,0.00033310507968078594,0.0027099722703673025,0.0,0.00019986304780847153,0.0,0.0,0.0,0.0,0.0,0.0029035417182506815,0.0,0.0,0.0,0.0,0.0,0.010526120517912836,0.0,0.0,0.012055284584606422,0.0,0.0,0.0029035417182506815,0.0,0.0019356944788337877,0.0,0.008194384960147334,0.0039359121069620345,0.004596850099594846,0.0,0.0,0.010388227036407993,0.0,0.0025982196215101304,0.0,0.0,0.0,0.0019356944788337877,0.00926032121512585,0.0,0.0,0.0,0.0,0.015056349601571524,0.009683689560648665,0.0,0.0,0.016238799955537807,0.0,0.0066799609601946655,0.0,0.0,0.0,0.0,0.017471544108655795,0.0,0.01797672925320482,0.0,0.0033976718127440163,0.0,0.0,0.0,0.0,0.0,0.017919521137031786,0.0012657993027869864,0.0,0.009344290881042785,0.0,0.0,0.01825415836650707,0.015173374417157458,0.017776355488798183,0.0,0.0,0.0017006784147146228,0.0,0.014473598391528723,0.002065251494020873,0.008051730028511898,0.0,0.00019356944788337876,0.0321696692310952,0.0,0.0,0.0,0.003290680614017439,0.0,0.0,0.013923847330905886,0.0,0.004052881922298935,0.0,0.01090441223076367,0.0,0.023954816321129054,0.0,0.0,0.0,0.0,0.0,0.0,0.00154855558306703,0.0012259398365947322,0.004000435256256494,0.00033310507968078594,0.0,0.0,0.0,0.0,0.0,0.00426374501991406,0.0,0.0,0.0,0.0,0.0,0.04015846326035617,0.0,0.0,0.018107873418435436,0.0017421250309504089,0.0,0.0,0.0068530624582592336,0.01441327097551766,0.0,0.0,0.0,0.0,0.0,0.0,0.013880302848028402,0.0,0.0,0.0,0.0069039769745071755,0.0,0.0371809854930479,0.0027744954196617625,0.0144945770579457,0.0,0.0,0.0,0.0
35,0.3691101315968615,0.0373698481393229,0.0038461722563475293,0.0,0.0,0.010450516077396284,0.0,0.0,0.0,0.0,0.0,0.008863914197959967,0.0,0.0,0.0,0.001380677220227318,0.0,0.003369752505009574,0.0,0.00205115369870148,0.0,0.0,0.0,0.0,0.0,0.0,0.0,0.011738248390932935,0.0,0.0,0.0,0.0,0.006928577699153891,0.0,0.0,0.0,0.020092211611594604,0.0,0.0,0.006311667292467739,0.0015383652740261098,0.0,0.0014792970216721264,0.010475534961225415,0.0,0.0,0.0,0.0,0.0,0.008328944336832537,0.0,0.0,0.011061578875140123,0.009788206512676997,0.029926162710681072,0.0,0.0,0.0,0.0,0.00887578213003276,0.027148129014340352,0.02727477786117953,0.0022709201664194954,0.0,0.0,0.0,0.0,0.0,0.0,0.006666249520779809,0.0031558336462338696,0.0,0.013586487591990657,0.010681632334622583,0.002859974241899445,0.03411290267264349,0.007100625704026207,0.017114100864987193,0.005933694628386424,0.0,0.0,0.0,0.03287056951713997,0.001831387230983464,0.0,0.0,0.0,0.021816984841566554,0.0,0.002761354440454636,0.0,0.0,0.0017581317417441256,0.0,0.022428220353498562,0.0,0.0,0.002859974241899445,0.013352879315763625,0.0,0.019664373894043196,0.0,0.0,0.0,0.0,0.0,0.0,0.0038122956020108464,0.0,0.0,0.0,0.0,0.0052577159693462895,0.0,0.0,0.0,0.011586062517700117,0.0,0.0,0.0,0.0,0.0,0.03818683559627573,0.012327475180601056,0.0,0.011061578875140123,0.005330971458585627,0.007472059902412534,0.0,0.0,0.014237447367201658,0.0,0.0,0.0,0.0,0.0,0.0,0.01615911477168689,0.0,0.0011834376173377012,0.0021696356317857856,0.0,0.0,0.02284806387148327,0.0,0.003223241526530897,0.004908117779035684,0.0,0.0,0.0
36,0.3896893291310221,0.041873030166591635,0.0049527239981990104,0.0,0.0,0.005628095452498876,0.0,0.0067537145429986505,0.0,0.0,0.0,0.0,0.0,0.0,0.0,0.0,0.0,0.0,0.0,0.006978838361098606,0.0,0.0,0.0,0.0,0.0,0.0,0.0,0.0,0.0,0.0,0.0,0.0,0.014182800540297167,0.008779828905898247,0.0,0.0,0.02183701035569564,0.0020261143628995952,0.009680324178298064,0.009004952723998202,0.0,0.0,0.007203962179198561,0.0,0.0058532192705988305,0.009004952723998202,0.011931562359297617,0.0,0.0,0.010130571814497976,0.0,0.0,0.0,0.0,0.014858171994597033,0.0,0.0,0.0,0.0,0.016208914903196762,0.04930211616389015,0.012832057631697437,0.0,0.005402971634398921,0.0,0.0,0.0,0.0,0.0,0.0,0.009004952723998202,0.0,0.0,0.013282305267897346,0.0,0.03669518235029266,0.0,0.013057181449797391,0.0,0.0,0.0,0.0,0.009905447996398021,0.0,0.0,0.017334533993696534,0.00045024763619991006,0.0,0.0,0.0,0.0,0.009680324178298064,0.0,0.0,0.014858171994597033,0.0,0.007879333633498426,0.0,0.0,0.0,0.04074741107609185,0.0,0.0,0.0,0.0,0.0,0.0,0.021611886537595684,0.0,0.0,0.0,0.0,0.0,0.0,0.0,0.0,0.011256190904997751,0.0,0.0,0.0,0.0,0.0,0.04389914452949123,0.0,0.0,0.0,0.004502476361999101,0.02183701035569564,0.0,0.014858171994597033,0.0,0.0,0.0,0.0,0.0,0.0,0.0,0.015083295812696986,0.0,0.0067537145429986505,0.00855470508779829,0.0,0.0,0.0,0.0,0.013507429085997301,0.0,0.0,0.0011256190904997752,0.0
37,0.064546828640206,0.044443649149745544,0.004639944764783817,0.024071717809891688,0.016571924408793914,0.0,0.007262058044961252,0.005349045513071712,0.0,0.002950965416676663,0.001855977905913527,0.0,0.004639944764783817,0.007488663718300397,0.0026858257158318736,0.0,0.0037782407370382507,0.004507374914361422,0.0,0.0,0.006960263700173009,0.024689355224819593,0.029665176488778346,0.0029828216345038822,0.0,0.0,0.0,0.0,0.0036848980201160684,0.02376101971886554,0.0,0.0,0.015262500566480857,0.0,0.008386675836992133,0.007419806303532441,0.0,0.0009279889529567634,0.0,0.0,0.0,0.0,0.004242235213516633,0.007423911623654108,0.0,0.002496221239433466,0.0,0.0,0.0,0.006866574430253542,0.0,0.0,0.0,0.007845266752505178,0.0,0.0,0.0,0.021561794398104087,0.0,0.02833690549499764,0.009412459379990029,0.0,0.003579385961404659,0.00891507585511952,0.01236856977578021,0.018067887066375563,0.007236879636812458,0.0,0.0,0.0,0.0157468750249918,0.0,0.0,0.0,0.0,0.04114429133910743,0.0,0.0,0.0,0.0,0.006388877781421027,0.006062251581481273,0.0,0.0,0.0,0.0,0.0046562194266947105,0.0,0.005435363867318186,0.0,0.0,0.0,0.0,0.002496221239433466,0.0,0.01331317994364515,0.010315963030792566,0.0021874025319695138,0.0,0.0,0.005111310156935191,0.0,0.0,0.19469367380832417,0.011429104587028786,0.012818862079904457,0.0018400497969999173,0.0,0.00819227293447749,0.0031153914849262774,0.02255641482926933,0.0,0.0,0.0,0.0,0.0,0.0,0.009924931289203808,0.0,0.0,0.0,0.004722504351905908,0.07264026732565051,0.010103752635802123,0.0,0.0,0.002733956595569986,0.0,0.0,0.0014264121368191233,0.0,0.0,0.003362377140297982,0.007026202072386923,0.0,0.0,0.013781279740245199,0.0,0.0,0.002496221239433466,0.0,0.010254129978700318,0.0,0.014118689069985044,0.008901027129768101,0.0,0.0,0.014118689069985044,0.0,0.0
38,0.018894051742965733,0.07500902922977117,0.006276645859487992,0.0074565064082725285,0.0,0.0,0.00024140945613415355,0.0,0.0,0.0,0.0,0.0,0.014883318217680018,0.0,0.006502244849886169,0.0,0.005793826947219685,0.0,0.0,0.0,0.0,0.0,0.014001748455780906,0.0,0.0,0.004586779666548918,0.0,0.0,0.0,0.0054364377297901265,0.0,0.0,0.019062478635426688,0.0,0.0,0.005261068770764638,0.0,0.0,0.025056934940951178,0.0,0.0,0.0,0.0036211418420123032,0.0,0.0,0.0,0.0,0.006518055315622146,0.0,0.0,0.0,0.0,0.0,0.029463911448888883,0.0,0.007540865238095981,0.0,0.021183007376654468,0.007845807324359992,0.043702635161218216,0.0,0.0,0.0,0.013503409844962571,0.005552417491085532,0.0,0.009431070022153914,0.0,0.00337973238587815,0.0,0.018643483120474185,0.0,0.0,0.0,0.0,0.028969134736098426,0.0,0.0,0.0,0.0,0.0,0.0,0.0,0.0,0.0,0.0,0.002293389833274459,0.0,0.0,0.0,0.0,0.0,0.0,0.009802343372712538,0.0,0.0,0.006155941131420916,0.0,0.0,0.0,0.0,0.004265736347362983,0.025253130099670264,0.25597358467345804,0.009080332104102938,0.0,0.005823521546084727,0.02632780561893775,0.0,0.0,0.019969018029419167,0.007891603156146959,0.0,0.002630534385382319,0.005914531675286762,0.0056731222191526084,0.0,0.012205061667903819,0.007966512052427066,0.0,0.0,0.0065363736483369335,0.06841355715089009,0.0,0.0,0.0,0.009595062715029148,0.0,0.0,0.02735032477422564,0.0,0.0,0.0,0.0,0.0,0.0,0.0019312756490732284,0.0,0.0,0.015739627580299807,0.0,0.0,0.0,0.016536547745189516,0.01088868592531623,0.0,0.014204885681064525,0.010742720797969833,0.0030176182016769196,0.0
39,0.44216935919551964,0.006010057819296521,0.002163620814946748,0.0016427491372743824,0.0,0.0074962502723400215,0.0005609387298010087,0.0,0.0,0.0035106350642007066,0.0,0.008093544529985982,0.0,0.0,0.0,0.009617691077836707,0.0018430843979175997,0.0,0.0,0.0026844924926191127,0.0,0.004046772264992991,0.0,0.0027646265968764,0.0,0.0,0.0,0.0028046936490050433,0.0,0.00401112105625518,0.0,0.0,0.014717151342277513,0.0015626150330170956,0.0,0.003987823129834732,0.010177031240675443,0.0008210224090836213,0.00680275710383572,0.007532605800184973,0.0,0.0,0.0024841572319758954,0.007973343373600051,0.0,0.0,0.0017228832415316694,0.0,0.0,0.0014023468245025217,0.0,0.0025242242841045388,0.0022437549192040347,0.003966638160735704,0.002995587868133453,0.0,0.004503574645009125,0.0,0.0,0.028534649773802392,0.02486525010367539,0.003966638160735704,0.0023238890234613214,0.005849789610781947,0.0,0.0,0.0004808046255437217,0.0,0.0,0.0026844924926191127,0.0019632855543035305,0.0062905271841970254,0.00795958145306841,0.0038464370043497734,0.006623511847917533,0.04708649419284546,0.018131587495619876,0.010923838991480885,0.015181186842113037,0.0,0.0014824809287598086,0.004126906369250278,0.012114201592129965,0.0030851630139055474,0.0,0.0,0.001616538970051379,0.0,0.004126906369250278,0.0,0.0,0.003045095961776904,0.005088515620337721,0.0,0.010941312436296221,0.0,0.014960465895851928,0.000761273990444226,0.0,0.012565883809648128,0.003886504056478417,0.0,0.0,0.0011619445117306607,0.008380637659972734,0.0,0.0,0.018586981237421727,0.0,0.0,0.0009383113246669958,0.0,0.0022036878670753913,0.0,0.0,0.0,0.008088519331862006,0.0,0.0019632855543035305,0.006130258975682452,0.0,0.0,0.039842999515594654,0.0,0.0,0.002163620814946748,0.001362279772373878,0.0,0.0,0.006174037552094788,0.009617691077836707,0.0,0.0,0.0,0.008253812738500557,0.0030050289096482607,0.0006010057819296522,0.006640985292732869,0.005489186141624156,0.005421500284058229,0.0,0.002724559544747756,0.0,0.0055292531937528,0.0014023468245025217,0.010343218895169126,0.0,0.0,0.0009383113246669958,0.0036861687958351995
40,0.31824887448232664,0.0,0.007346384102554625,0.0,0.0,0.006050548455282562,0.0,0.008232803511892161,0.005312684486588813,0.0006710759351480606,0.0036909176433143334,0.0,0.0,0.0,0.0009506909081264194,0.01020326021271969,0.002628380745996571,0.005697284895671511,0.0031316876973576163,0.0048093775352277685,0.0,0.018273098126610644,0.0,0.004194224594675379,0.0,0.0,0.0,0.0025165347568052274,0.0016776898378701515,0.0,0.0,0.0007829219243394041,0.014284610234553127,0.005797237262262238,0.007473668832753988,0.006546765169828798,0.017846984880289695,0.00858149336944521,0.0038981422970384024,0.014499953708742602,0.0,0.0,0.006985800622400962,0.008723987156924788,0.0,0.0,0.010783990552848637,0.0,0.0,0.006833470379621966,0.0,0.0,0.01135236790292136,0.0,0.014198838341592015,0.0,0.0,0.0,0.0,0.014026265972019192,0.03887346163206727,0.018318385765984102,0.0,0.0,0.0,0.0,0.0,0.0,0.0006710759351480606,0.012549739134708901,0.0053318980297320405,0.0,0.0019013818162528387,0.009207281665219813,0.0012303058811047778,0.031081181523853477,0.0071249789752009405,0.007629544193940388,0.0,0.0,0.0,0.0,0.030857259861742987,0.0027961497297835864,0.0,0.0,0.000791270428532615,0.019246547696287693,0.003634994648718662,0.0,0.0,0.0,0.010210350449534498,0.0,0.008524312107471135,0.0,0.009035967563025393,0.0,0.0,0.015186468384898682,0.017215364615078686,0.0,0.0,0.0,0.0008995712993165543,0.0,0.0,0.01659209285406089,0.0,0.002628380745996571,0.0,0.0,0.0,0.026373813522517633,0.0,0.0,0.006530068161442378,0.0,0.0,0.0,0.0,0.0,0.04120324354567006,0.0,0.0019573048108485103,0.008895760626574815,0.005223597158948101,0.0,0.0,0.0039290197790544405,0.0062969990952158805,0.006598913362289263,0.0,0.0,0.011296444908325686,0.0,0.0015099208540831366,0.01279012812147801,0.0,0.00457630846900127,0.0019013818162528387,0.0044179165730580654,0.0,0.015081712632522146,0.0,0.0038027636325056774,0.0,0.0,0.0024988091647682063,0.007325912292032995
41,0.29934762634540757,0.005928102054430592,0.002811264891791827,0.02087832594777219,0.0,0.005981408366888991,0.01311345150989959,0.004727499724210969,0.0,0.0017933988771057523,0.001466746900065301,0.0,0.0,0.0,0.001895155126225629,0.0,0.0,0.004583584062704066,0.0,0.0033534868376053264,0.0,0.017952640289352575,0.0,0.003361294979316315,0.01926046229146361,0.0,0.0,0.021518358337370567,0.0,0.015284987535580346,0.0,0.0,0.007000184952036988,0.0062159333774443985,0.002322349258436727,0.003963417285349971,0.0,0.0011819508119245694,0.0014056324458959135,0.006564272107652979,0.0,0.0,0.00372798170433264,0.0,0.007277779945441347,0.0018334336250816264,0.006421570540095307,0.0,0.0,0.014794554284788708,0.0,0.0,0.016365789145359654,0.009454088877960015,0.0028428844510820974,0.0,0.002568628216038122,0.0,0.012063358888948628,0.015946099631372234,0.023555607984179255,0.014753001919376297,0.0,0.006703938440337578,0.0034835238876550897,0.0,0.0,0.0,0.004828041879381616,0.0,0.006143975546690948,0.0,0.004860268485646501,0.003850210612671415,0.006184920865128744,0.016073101446548922,0.010078504984136417,0.006816538066041517,0.0,0.0,0.004360812999194644,0.0,0.013551792542182058,0.0,0.0,0.0,0.001334888709091692,0.004994554864518572,0.008549429535952498,0.0026279215292836643,0.0,0.0,0.0034835238876550897,0.0,0.015101644173072184,0.0,0.010128169014747125,0.002505692620944889,0.0,0.008539193206343049,0.020602552095291677,0.0003055722708469377,0.0,0.033563672754998754,0.002425926648480449,0.0,0.0,0.004350273146097888,0.0049213829398158885,0.0,0.0032502129710489116,0.0,0.0027501504376224394,0.012415036377517591,0.0,0.0017124188106920817,0.0076426455295338265,0.0005500300875244878,0.009262633850253558,0.0042168973376877405,0.0,0.0,0.04589560440169152,0.006661475504463242,0.0,0.012716966366516837,0.005002970053204175,0.008205340134566225,0.0,0.00357595437762744,0.017128353966784114,0.0,0.0010389457208795881,0.0,0.0,0.0,0.004127198559101159,0.00841605372754235,0.0,0.0,0.004004362603787768,0.003496188405163,0.0051336141502285534,0.015121509785316466,0.0022612348042673393,0.0014056324458959135,0.0,0.0,0.00012222890833877507,0.0
42,0.12728802009376863,0.017161306557100936,0.009947492177168945,0.034724286917561804,0.0,0.0,0.0,0.005390013250786215,0.008673584541495057,0.000929312629445899,0.0,0.0,0.008819747559473772,0.0,0.0013066013480707407,0.007310592684974406,0.0064198815791128615,0.0,0.0,0.0026900615989691717,0.0028703604580118695,0.007993325894079825,0.0,0.0,0.010408301449794068,0.0,0.0,0.0,0.0,0.023413802883872212,0.0,0.0019214725706922656,0.013264101324615661,0.0,0.0,0.007912345453072782,0.0,0.000247816701185573,0.00873121233079006,0.007532172477113682,0.0,0.009540942995644562,0.0043367922707475285,0.0,0.0,0.0,0.0,0.0,0.006840442351664466,0.004256155974081505,0.0,0.018655007711905945,0.0,0.006071853323387559,0.0,0.0,0.0,0.01213312830524521,0.0,0.03043042255640002,0.01452633263443353,0.0,0.0,0.0,0.008604075578521997,0.0,0.006360262668987672,0.0,0.0,0.0,0.010222783068245908,0.006533006740353704,0.0,0.011032857877441429,0.003427948035679409,0.0863992230859562,0.0,0.0,0.0,0.00559256677721484,0.002044487784780978,0.008487722015605877,0.0,0.0,0.0,0.00853133821387366,0.0035024716733358958,0.0,0.0,0.0069941601573198465,0.0,0.0,0.0,0.004398746446043922,0.0,0.0,0.009893436933890238,0.002354258661262944,0.0,0.0,0.0200352395611291,0.001296367150881851,0.0,0.10263046317362616,0.0052301827861212956,0.0,0.0036734294716937784,0.007916466991252135,0.008504413016145324,0.00322161711541245,0.009723921264199483,0.005841276614904488,0.006583833581957132,0.01859985448430113,0.0,0.0,0.0,0.00600344234474061,0.0,0.0,0.0,0.0,0.06179482827258835,0.0,0.004380957461178366,0.0,0.0013010376812242585,0.0,0.0,0.02254912383923493,0.00614871222621525,0.010683387493048997,0.008367935203192444,0.005823692477860967,0.0,0.0,0.002228908182003028,0.0,0.0,0.0062255711290429405,0.004015345068409543,0.010036576398015709,0.0,0.021173218376013166,0.007978970158711584,0.0,0.0,0.019829801777366214,0.002075190376347647,0.0
43,0.10694771898014019,0.0,0.006838029506676144,0.032605581869337284,0.0,0.0,0.004533768905225885,0.014890734378495122,0.0,0.00065402076456561,0.002534330462691739,0.007684743983645918,0.0,0.0,0.0010257044260014215,0.00615422655600853,0.0020438148892675313,0.006131444667802594,0.0,0.004169382374105764,0.0,0.013407425673595007,0.0,0.0,0.0,0.0,0.013979693842589916,0.0,0.0,0.02517711557598191,0.0,0.002861340844974544,0.009647251525972182,0.0022073200804089343,0.0,0.01072864913470505,0.0,0.0004905155734242075,0.011564640540516005,0.0,0.0,0.0,0.0016350519114140252,0.0,0.0,0.0,0.0,0.0,0.0,0.00963236043292118,0.0,0.01727272796983371,0.0,0.015139714938469977,0.0008992785512777138,0.0,0.0,0.0019659334831693917,0.0,0.019621365018017353,0.04056566265821693,0.0,0.0,0.0077664965792166194,0.00521399749884056,0.015727467865355133,0.0,0.0,0.005068660925383478,0.0,0.005403413686611406,0.008803962989845536,0.0,0.015927607124284794,0.0,0.04145555388422412,0.0,0.0,0.0056413743430078185,0.005098591527695293,0.002136884220836295,0.0,0.002051408852002843,0.0,0.0,0.0,0.002660756337415447,0.0,0.0095732413093466,0.0,0.0,0.0,0.0,0.0,0.007198248015904083,0.0,0.008208912932644691,0.0,0.006049692072231893,0.0,0.019899979347884404,0.0,0.0,0.09511935520280815,0.00920498358875392,0.0,0.0026719246572036986,0.030584103619646256,0.0019659334831693917,0.0,0.0029877667196982517,0.008502269939352932,0.00812358598002105,0.0,0.0,0.0,0.007450951349141688,0.0023078349585031986,0.008454319135566605,0.0,0.0,0.0,0.09044769527065068,0.0,0.005555898974174367,0.007030723219080309,0.002534330462691739,0.0,0.0,0.01757010458222432,0.01437043661896891,0.007030723219080309,0.0,0.0,0.0,0.005043046761173656,0.0,0.0,0.0,0.011542600733359122,0.0017985571025554276,0.008502269939352932,0.0,0.05409236549242977,0.008770161198061158,0.0,0.0,0.02037947501773017,0.0010627837424191165,0.0
44,0.40816207139222044,0.0,0.003932639079211833,0.0,0.0,0.009100723996420958,0.0,0.00404225776524332,0.010718369255106762,0.001684274068851383,0.0,0.0,0.0,0.0,0.0004626634210837451,0.0,0.0,0.0,0.0,0.0,0.0,0.015360579507924615,0.0,0.0,0.0,0.0,0.0,0.011730610411524895,0.0,0.0,0.0,0.0,0.006357993738357826,0.0,0.0,0.00744566874984928,0.008713494430410534,0.0009253268421674902,0.0004715967392783873,0.006554398465353056,0.0,0.0,0.006163201589826448,0.008488741307010972,0.0,0.0,0.009082857360031673,0.0,0.0,0.01817626061672184,0.0,0.0,0.010644612115140744,0.0,0.010576370726511311,0.0,0.001696432543973732,0.0,0.0,0.020563463135393485,0.018459643794611163,0.026241232795711892,0.0,0.008466779087818605,0.0,0.0,0.0002694838510162213,0.0,0.0,0.005254935094816316,0.005789807214045676,0.007556835877701171,0.012510649431525777,0.003624196798489337,0.002853091096683095,0.0,0.015419759305072507,0.0176372929146894,0.006130757610619035,0.0,0.004007330781696678,0.006712715188517387,0.012560153757890548,0.0,0.003907515839735209,0.0,0.0,0.01233043462581253,0.008019499298784915,0.004626634210837452,0.0,0.0,0.0034359191004568216,0.0,0.017691699113089175,0.0,0.008601521013326717,0.0009431934785567746,0.02108537049026857,0.007647781638111446,0.0,0.0,0.0,0.0,0.0,0.0,0.0,0.0015422114036124839,0.0,0.0,0.0,0.0,0.0,0.0,0.0,0.0,0.008023594881587999,0.0,0.0,0.0,0.0,0.0,0.029381674379800493,0.0,0.0,0.0221219285969314,0.0,0.0,0.0,0.004469187913548496,0.013889706376582371,0.004850709318291984,0.0,0.0,0.0,0.0,0.001233769122889987,0.019897880536815647,0.0,0.0010024374123481143,0.0,0.005012187061740573,0.0,0.032652020154005645,0.0,0.012338561654775246,0.0,0.0,0.0,0.020745290519570584
45,0.2734819109392928,0.04788805820057768,0.01017839940501653,0.02117823035274256,0.0,0.007040757561278213,0.003789632817166622,0.004474657654763905,0.0,0.0004049488669003485,0.0014173210341512199,0.015118091030946345,0.0,0.0,0.0,0.0,0.004935564190572175,0.0,0.0,0.013005922725925132,0.0,0.016942072307634008,0.0,0.0,0.0,0.0,0.0,0.007409825065052049,0.0,0.011096085041275431,0.0,0.0,0.013140905681558582,0.007155664211130255,0.0,0.0,0.0,0.0010123721672508712,0.0,0.005129352314071081,0.0,0.0,0.007883689159247888,0.0,0.004926877880620907,0.0,0.00529893669643094,0.0,0.006711986482145858,0.007728629897833031,0.0,0.0,0.0,0.004386946058087109,0.0,0.0,0.0,0.0,0.0,0.024043202599335112,0.028723182186506723,0.0,0.0,0.012263516469941161,0.0,0.0,0.0,0.0,0.0,0.0,0.01789407174446199,0.0,0.001889761378868293,0.015178607574447896,0.0,0.03613841462331651,0.00806893478587419,0.0,0.0,0.0024971846792188157,0.0,0.0,0.0,0.003779522757736586,0.0,0.027801081488732855,0.0,0.0,0.007771773821432046,0.0,0.0,0.006006741525688503,0.0,0.006552512159216035,0.0020247443345017425,0.0,0.0054166908452405165,0.004724403447170733,0.0,0.0,0.014012743708339596,0.0018366512089179065,0.0,0.03738928640022274,0.00328415860828057,0.0,0.0008773892116174218,0.001619795467601394,0.0,0.0,0.0,0.0,0.0,0.0,0.0,0.007968409443888486,0.010712636229635258,0.0,0.0,0.0,0.0,0.0,0.09917361409673055,0.0,0.007771773821432046,0.0,0.0,0.015224598997004447,0.0,0.005406580785810481,0.005939250047871779,0.008478298714289505,0.0,0.0,0.0,0.003847014235553311,0.0,0.004075403785778627,0.0,0.0022229475195156144,0.007547655519643032,0.0,0.0,0.03301942533588084,0.006012580336682237,0.0,0.01106860236194286,0.0,0.0,0.0
46,0.3659928916355674,0.007294843182097176,0.003700282773527553,0.0,0.0,0.014619879878483276,0.0,0.0,0.007556490262636708,0.00023073252710341093,0.0,0.0,0.0,0.0,0.0,0.002365008402809962,0.0,0.0,0.0,0.0,0.0,0.0,0.0,0.0,0.01068904483763911,0.0,0.0,0.010698328216659286,0.0,0.0,0.0,0.0,0.009669856003074512,0.0,0.0,0.0017972802042848113,0.010498329983205199,0.0027298542112922305,0.002537336758990322,0.005603285342770294,0.0,0.0,0.003892980485616261,0.0,0.0,0.0,0.0,0.0,0.0,0.0033834761982273615,0.0,0.0,0.0,0.0,0.039958637589320986,0.0,0.0,0.0,0.0,0.014188247818991776,0.034175362849431346,0.037845812628243575,0.001585835474368951,0.0,0.0,0.0,0.0,0.0,0.0,0.013726241985424556,0.0,0.0,0.018417683196669376,0.006026174802602015,0.0,0.03903372462325254,0.03326847586204286,0.014340927858410986,0.0,0.0,0.0,0.0,0.026741899891285326,0.0,0.0,0.0,0.00011536626355170546,0.022376909153934473,0.0,0.003911727503443413,0.0,0.0,0.0016151276897238764,0.0,0.025097840505780122,0.0,0.0,0.0,0.006979658944878181,0.012054332462858825,0.015012575824026072,0.0,0.0,0.0,0.0,0.0,0.0,0.0,0.0,0.0,0.0,0.0,0.0011536626355170545,0.0,0.0,0.0,0.01264026689985073,0.0,0.0,0.013102092473631151,0.0,0.0,0.040660479069224986,0.0,0.010247047840406639,0.009056251688808878,0.0,0.0,0.0,0.0019030025692427417,0.012726701467621107,0.0,0.0,0.0,0.0,0.0,0.0,0.019128627795806763,0.023012324902402844,0.0010382963719653491,0.0,0.012563115711100525,0.0,0.0031148891158960476,0.0,0.0019035433486031402,0.0,0.0,0.0,0.008017234277696331
