,project,pr,se,pr_corrected,se_corrected,mean_retain_null,Taylor_slope,comp,END,alpha,beta,END_null,END_corrected,theta_comp,theta_comp_null_s,theta_comp_null_r,theta_generalists_pr,theta_generalists_pr_null,theta_comp_corrected,theta_generalists_corrected,mean_load,var_load,log_mean_load,log_var_load,mean_removed_load,mean_num_resources,num_species
1,PRJDB10528,2.155223302651397,1.5448796663265516,-0.0810098808391099,-0.0643380107106397,0.1683504601578086,1.496768591893386,5.161409658074173,3.766504167072771,2.234346732350163,0.543396166464035,5.939989703993791,10.293602415296384,0.98349136605615,0.0492235906328515,0.9842644722801032,1.000541954895712,1.000241275966567,-0.0007854659451055,0.000300606400045,61070358076.42703,1.8347709754610545e+20,24.835198318777813,46.65263570716907,7826516713.035045,16.246928978658534,77
3,PRJDB11845,2.1576823647942383,1.548282396123227,0.0451514028363901,0.0086763456672414,0.1249366148142999,1.4376197239982382,4.690276716359517,5.103461756672795,2.792258074216946,0.5408434606003824,8.004058709981493,14.082758887945028,0.9837222408974376,0.0491735233286627,0.9845329120064829,0.9995544047766676,0.9997167246120268,-0.0008234068147027,-0.0001623658296028,61244155719.75061,1.853192779371277e+20,24.838126008266062,46.66774415021571,8000314356.358633,16.131800312556642,99
4,PRJDB11894,2.302838115394814,1.629093939969136,0.0423725394291096,0.0033140539619243,0.1300379914506506,1.569955282006379,4.265536777249464,4.84047697385518,2.5858763483758223,0.5918615398495077,7.690060334248549,13.062807880218909,0.9801480403692951,0.0489915721697497,0.980895352595503,0.9999157605306614,1.0000406876697885,-0.0007618674349209,-0.0001249220563396,58885717564.7677,1.208726861020906e+20,24.79885423029624,46.24058819829228,5641876201.375725,15.014536948948106,81
6,PRJDB5564,2.077819994556014,1.4795665662543755,0.0271250244262177,-0.0222016998029008,0.1096582092205299,1.638456100185799,4.38663688299316,4.313413574101817,2.7220985017198163,0.4865361188649366,9.119244305630907,8.184864255704584,0.984205971287094,0.0494031214986585,0.983762519292336,1.0028773414430456,1.001329485527213,0.000450771386449,0.0015458007960462,52250374056.020485,5.812229046330166e+19,24.679301657119225,45.50746555970578,-993467307.371495,14.49722424091137,74
8,PRJDB6804,2.02216244088958,1.3624445622814458,-0.0251362017786318,-0.1297453920026321,0.1184189028298542,1.5789096507631195,4.88774929750143,2.615755991663237,2.7418879429185634,0.5043614803858858,8.444597746668983,3.789604878887896,0.9765589879499476,0.0487419814414324,0.9772389000874596,0.9996727017326263,0.9997561028718772,-0.0006957481302178,-8.342148551154782e-05,59938251918.71153,6.110037948055144e+19,24.816526651831744,45.55185355353918,6694410555.319555,16.50459856579989,82
9,PRJDB7891,2.08721472066158,1.5015934488679747,-0.0004347842748053,-0.0178829817118038,0.1415939624482894,1.4793916721960387,4.528829910451009,4.73392967887832,2.4970905321882704,0.5055666067564973,7.062448021858301,14.358114204685018,0.9844062588902018,0.0492618050548703,0.9855726341516844,1.0012688812067618,1.0005955679309744,-0.0011834493177527,0.0006729125106756,64199581691.670944,1.092089006438111e+20,24.88525374554007,46.13929451143595,10955740328.278963,14.590137003574942,79
10,PRJDB8511,1.98773600960889,1.4091747873077518,0.0553199304724696,-0.0023818773365515,0.1312372911087833,1.6086944733822537,4.145067057343705,3.799311945705524,2.736823142622154,0.4810369560915271,7.619785440184792,7.5775795561573425,0.9837634695135792,0.0493380624946081,0.9850005978922644,1.0037254731912264,1.0017605728422136,-0.0012559671347737,0.0019614470785547,64686112762.40839,1.274796490195102e+20,24.89280360865209,46.29314953580877,11442271399.016417,13.2506505181515,79
11,PRJDB9239,2.046351195830352,1.4507603360071406,0.081395768369199,0.0118335270881209,0.1131134927006056,1.5044363492014232,4.130048024416686,3.867749585303006,2.8023797755877475,0.491605930400862,8.840678296857561,6.875934042050463,0.9827105866943648,0.0492224375232723,0.9837669557333336,1.0009298651638656,1.0005348551432427,-0.0010738000832536,0.0003947988604218,62780505749.06629,1.599394050846045e+20,24.86290177582721,46.52040537644554,9536664385.674313,13.510039465545864,85
13,PRJDB9936,2.061591225112592,1.481389065015028,-0.0056560079292999,-0.0220113725922497,0.160564030822367,1.5061510163256353,4.064712414076344,4.157633324697101,2.315595715371394,0.4933997538466783,6.228044941810824,12.50665663955343,0.9840756847897646,0.0491812922619151,0.9854916937965564,0.99931717312002,0.99967684865727,-0.0014368553440941,-0.0003597918044548,64040151474.32518,1.221948289840438e+20,24.882751248628,46.24890494092614,10796310110.933205,13.968762131843985,72
14,PRJEB11419,2.0632106815958338,1.4822193435457072,-0.0467957629608295,-0.0559932510166323,,,,,,,,,0.9856440778088852,0.0493106708704517,0.9863286929285128,1.0005657272928254,1.0001204021186123,-0.0006941044344914,0.0004452715625735,53498064198.96424,1.2395232107844898e+20,24.70139892473652,46.26436503109115,254222835.57226485,18.57259948225545,92
16,PRJEB15481,2.005201906476015,1.4447294866953595,0.0182618107701992,-0.0098580277316522,0.1088179272835308,1.5251213591490225,4.517935156487974,5.056932206411692,2.79394994111895,0.4730151726195085,9.18966226396178,11.244745826980813,0.9860257697578771,0.0492922525812487,0.9867594593792332,0.999394884368655,0.999722514127247,-0.000743534419034,-0.0003277206964554,59219802146.40371,1.3159601891712749e+20,24.800910737122106,46.31669809466056,5975960783.011735,13.327699402942931,73
18,PRJEB16344,1.9489766529677683,1.4069229888071768,0.0319275370414231,0.0011924170922161,0.1218103693617767,1.6341853223984202,4.211886391853779,4.682948386871931,2.9924486719946297,0.4976788274852459,8.209481715222461,10.901521572557307,0.98752035733172,0.0493608589537867,0.9881238891237828,1.000087365290545,0.999987247171215,-0.0006107855489639,0.0001001193961358,50192228484.0009,6.060366625271452e+19,24.639120569635885,45.55021450889608,-3051612879.3910766,13.82358527827192,81
21,PRJEB17613,2.188806554869304,1.5670843209050185,0.0159233708450976,-0.0104594458891782,0.1342734269751206,1.5464407706239125,4.966637236979084,4.443163752446259,2.5602832691109847,0.549161953823358,7.447489965272794,11.01425581520828,0.9835196020980652,0.0491108011069284,0.9838881135870506,0.9995576085579004,0.9997715781489346,-0.0003745461337486,-0.0002140184775308,55180984895.55949,9.73017499544916e+19,24.729347451965047,46.00984593963326,1937143532.1675148,17.39294930711916,78
26,PRJEB23775,2.0236050438450266,1.4629079907616622,0.036691472204672,0.0075897587860209,0.1567695861300382,1.636939652462764,4.51114147218899,4.281104329189391,2.5954485151293745,0.5244282375716731,6.378788288504595,13.01829002201766,0.9866497129330252,0.0493312643387061,0.9873405435500572,1.000219108572724,1.0001446941077965,-0.000699688290474,7.440369915068246e-05,63137060403.43362,1.6080249475820428e+20,24.868567924858173,46.525795729208205,9893219040.041643,13.953429564094074,84
28,PRJEB26012,1.981677711799296,1.4375285706370924,-0.0105243030957116,-0.0222236498750423,0.1456525735165298,1.5756365006496578,4.549434460142356,4.402212736228208,2.5386198164632177,0.4977854932853069,6.865652805554529,12.269047905597503,0.9876388057297276,0.0493634184708452,0.9883772360021854,0.9996560978286948,0.9999233865704236,-0.0007471137998327,-0.0002673092212051,62803076802.26463,1.883173702439231e+20,24.863252070403856,46.68381024662576,9559235438.872654,14.680146186069663,91
30,PRJEB27564,1.912740282194114,1.3877827745425502,0.0221174198017963,0.0030683427688622,0.115362114864191,1.4816322774304285,4.679555249552602,5.240448250386315,3.0305516559460868,0.497108238064593,8.668357035385846,13.251833496444066,0.9887211314420854,0.0494454233190371,0.9895736002482264,1.000251155989668,1.000101062214462,-0.000861450634826,0.0001500786079293,63974270945.85832,1.435830923195342e+20,24.88173509322776,46.41315567641222,10730429582.466345,13.743770122829789,87
31,PRJEB27662,2.476083382276344,1.7189745768085358,-0.0672197897574102,-0.0455430810046817,0.1443703369612362,1.379780837720523,4.70765296697862,4.960640414631819,2.233097394334099,0.585543807365298,6.926630643443761,17.477464233308307,0.9787291728002108,0.0489721030519937,0.9785026102600248,1.0005083851485903,1.0003206411547576,0.0002315400468124,0.0001876838146779,50573669026.53125,9.21100670236313e+19,24.64668432866484,45.968502835477445,-2670172336.8607254,15.868254866694894,72
33,PRJEB27868,2.181776337746604,1.5066504704014536,-0.0390756899266295,-0.0982376759836312,0.1290756833621913,1.587813964928616,5.744822561977651,3.083323238317739,2.369875835413072,0.53425392689654,7.747392645553243,5.121646719782635,0.9723759983079254,0.0485032763898814,0.9741180234306684,0.9972627346689628,0.9988776350668472,-0.001788310123457,-0.0016167149420424,48835913114.81142,7.722385589488663e+19,24.61172737205669,45.79226444220062,-4407928248.580554,17.697959248865576,84
36,PRJEB30292,1.8876930178662048,1.3601469152794157,0.0543813621817057,0.0232056847020405,0.1198700030769125,1.555384315782106,4.321765205637648,4.708086349144114,3.1378328547591163,0.4820726791263705,8.342370687672105,10.807245084746835,0.9887264115366255,0.0494631260144499,0.9895811011092984,1.0002836761656408,1.0001186086161682,-0.0008636882532565,0.000165047973361,52138728911.09612,8.675005812081793e+19,24.677166139415583,45.90834329077116,-1105112452.2958648,13.811193441152422,91
37,PRJEB30401,2.1495623620391244,1.5410049733492208,0.0145008818103491,-0.0138022763894869,0.1621781599292882,1.7244322563917234,4.882052177185916,3.6525541547061535,2.448376768031828,0.567611131433833,6.166058367143968,8.960343887877826,0.9833925586711284,0.0491902393579305,0.984116247320485,0.998829642412343,0.9994190956601106,-0.0007353690697891,-0.0005897958627438,61577719889.310135,2.269478888146392e+20,24.843553169339305,46.86981371716173,8333878525.918155,15.51390179238075,87
38,PRJEB3079,2.2020842606909348,1.5435045560909055,0.0145657468851068,-0.0401574735455714,,,,,,,,,0.978076893280328,0.0490239002734577,0.9790494193337832,1.0028406832242482,1.0013152859450032,-0.000993337041267,0.0015233935810792,42072106125.115616,1.9987983895146226e+19,24.46264695744627,44.440266419022926,-11171735238.276356,16.04466242376865,89
39,PRJEB31354,1.905339816302575,1.3628267815099255,0.0332024810474691,-0.0072924075934119,0.1050048010680716,1.4696275852991971,4.084959255205679,4.165780390745372,3.17660222070426,0.4767384959801144,9.523374072693388,7.404870044443945,0.9869920711791116,0.0493723092171938,0.988091125875612,1.0001582660323112,1.0001547172970295,-0.0011123009484842,3.5481863158715043e-06,62811080623.066,1.392079554091432e+20,24.863394473745355,46.38132559687703,9567239259.674025,13.514897346974896,90
40,PRJEB31775,1.906074625930292,1.374688218463986,0.0810187945764131,0.041077123193419,0.1082329284749581,1.4174658191625955,4.438960624334841,5.076898134920663,3.1662766778531526,0.4469013059270719,9.23933237407847,11.269162851053688,0.9877213000681956,0.0494101526566066,0.9887042468772836,1.000651680208236,1.0002350867550478,-0.0009941767846074,0.0004164955406031,50552162087.89897,6.174225585134726e+19,24.64626604896546,45.56805953998018,-2691679275.493005,13.830605957567258,100
41,PRJEB31840,2.323303324733524,1.5481259204028923,-0.1606056070140629,-0.1952176606191573,0.1253461477159612,1.7134697123894091,5.18308400454603,3.104184533380112,2.5433359931156274,0.6482227435195053,7.977907723706319,5.081309872874692,0.9605041550975244,0.047476405178744,0.9597149644259232,0.9892616659661204,0.9947117295930836,0.0008223177723118,-0.0054790382628671,48860478982.14143,3.552856913948107e+19,24.61222757050337,45.01489203860975,-4383362381.250546,16.443435519948135,99
42,PRJEB32077,2.2106192602712014,1.5585100374205878,-0.0916624742151879,-0.090595362312736,0.1704058916292366,1.5915224935084722,5.16048359357079,3.324940262199342,2.2011329763174574,0.5784490060251507,5.868341701329003,7.671571343361768,0.9804282340541256,0.0490609059788874,0.9804585836185636,0.9997317530479388,0.9997482792208208,-3.0954458398402274e-05,-1.6530333910247386e-05,42866057649.57089,7.581663025875508e+19,24.481329883125948,45.77433677847569,-10377783713.821083,15.964965489623811,75
44,PRJEB32547,1.933781537569019,1.3906342136939434,0.0504959146622507,0.0111925491414857,0.1249965502536226,1.465713021636295,4.7316927394761885,4.374969278756636,3.086086735050064,0.4840328516276107,8.000220789861507,9.654701217750002,0.9873480091787424,0.049273658308475,0.988089949283228,0.9994762528546668,0.999756801631601,-0.0007508831610157,-0.0002806170225362,51686927830.21562,5.2003766649718194e+19,24.668464041837783,45.396200376199126,-1556913533.176355,15.230163289796431,97
47,PRJEB33268,2.0275037166141354,1.469318045316221,0.0442159319834958,0.018229497417572,0.1018101647555215,1.2886028918242292,4.213540151300509,6.010138183353403,3.102681523354304,0.4967949601557843,9.822201961870086,15.485782632580834,0.9860743403573052,0.0492459607177874,0.9872430593005396,1.000038379932477,1.0000235437474785,-0.0011838208759474,1.4835835707494027e-05,51105114611.979416,7.811392015974821e+19,24.65714317254068,45.80398200163598,-2138726751.412556,14.075789450393676,84
49,PRJEB33905,2.073113486004756,1.4920502885779383,0.0053268546859874,-0.016604859595976,0.151398344127671,1.5207245756082772,5.109808524183153,4.410681164013131,2.435117989302615,0.5046980269799523,6.605092055410601,13.275980004282395,0.9849574135693592,0.0492914233311969,0.9857402666397388,1.0007147064452109,1.000298819300291,-0.0007941778345409,0.0004157629069385,62848728149.92922,1.423598974363525e+20,24.863990317503607,46.4041103236584,9604886786.537245,16.648752610421607,81
50,PRJEB35769,2.041919915754536,1.4740574888784843,0.0309918031144857,0.0065196946384411,0.1221577505215815,1.410779692095206,4.351494067141347,5.193053027513452,2.8143399275130427,0.4967055138241754,8.186136333800048,14.20309283827453,0.9859503026666584,0.0493172415338878,0.986951361064089,0.9999234681129732,0.9999249965335316,-0.0010142935477096,-1.5285352038540978e-06,63979177449.36055,8.962059251820593e+19,24.8818132036374,45.94071551401681,10735336085.968576,14.138582231458978,84
51,PRJEB35994,1.913200207482984,1.3742732748236297,0.0697093169745324,0.0266181946904726,0.1096678304872096,1.484357562472225,4.560389779306268,4.5759776635939,3.052158760913706,0.4663660899688776,9.118444265354812,9.185713609608989,0.9871471995052956,0.0493127537187843,0.9882000868540184,0.9998236840038276,0.999863751931785,-0.0010654596804121,-4.0073387879036027e-05,58480767557.22459,1.064861875494542e+20,24.79195466799478,46.11397096854521,5236926193.832603,13.372125517908184,82
52,PRJEB36316,1.8745158343578183,1.340021504308848,0.0499821937653761,0.0089133673849945,0.1107009047066946,1.438080718836138,4.174805590193552,4.248164493001196,3.262484018737238,0.4640835864360011,9.033349841625329,8.019575680821765,0.9873154695825284,0.0494031482287815,0.9885548755135616,1.0003815099186764,1.0001823093286273,-0.0012537553167083,0.0001991642805427,64279506624.30121,9.633491021480288e+19,24.88412043688505,46.0111548521854,11035665260.909237,13.748156773977197,99
53,PRJEB36385,1.8708729884028223,1.35429232839345,0.023866932020879,0.0078362498491555,0.1290608489810415,1.487040815084493,4.37563496846937,5.389810128928026,3.072719063896596,0.4706827014158087,7.748283138497685,17.707124386086218,0.9892100181493207,0.0494483316406164,0.9901804011505092,0.9997269271563612,0.999884194479702,-0.0009800062696259,-0.0001572855378745,65490973947.66759,1.082375578464477e+20,24.90517209534111,46.129723442893095,12247132584.275616,14.572921722669523,90
54,PRJEB36585,2.063464606669823,1.4869528722531888,0.0327342762915514,-0.0022091600354421,0.1330246627964152,1.5232616652689188,4.555702753787582,4.134216327923722,2.7906378562080727,0.5682680854076759,7.517403006166075,9.186182498159024,0.9856851245201492,0.0492441729861355,0.9862260655517175,0.9995202585879652,0.999850585775625,-0.0005484959792313,-0.0003303765506157,47957849860.84223,5.675412017459724e+19,24.593581203597367,45.48465631680607,-5285991502.549746,16.088975799792223,92
55,PRJEB37553,2.2690375527465,1.609254641001201,0.0126036178838306,-0.011597947387431,0.1263603661229645,1.4552882908438314,3.9429940789232254,5.075470958071302,2.619427088236412,0.5603870711155107,7.9138738726577795,14.151139994994562,0.9812895060485084,0.0491970138400671,0.9820056683903046,1.0004289820538246,1.000265994385811,-0.0007292853441164,0.0001629443257378,49123024382.341934,5.071370371036039e+19,24.61758933769363,45.371548424206345,-4120816981.050036,13.558359300213372,78
57,PRJEB38835,2.03657578196326,1.468271106921699,0.0166356715796425,-0.0066928129258194,0.1310172648351983,1.4358142952800523,4.421951272131028,4.871302145876755,2.523272955309821,0.4719585231890557,7.632581868182506,13.464993109068477,0.9857733941621408,0.0493847874433844,0.9867619800378098,1.001636727541232,1.0008463639291825,-0.0010018483643147,0.0007896952424812,63295480595.35618,1.539090385595607e+20,24.8710692958059,46.48190426304147,10051639231.964209,14.608223093670144,77
59,PRJEB39289,2.1878878697031228,1.537384557906845,0.0542840587868123,-0.0175416663278806,0.1134456766653218,1.5503013447789509,4.704162903180121,4.041139136520886,2.875064646229074,0.5477104936533818,8.814791620046647,7.462168542636987,0.9782319850840888,0.0488659212457687,0.9793647540744844,0.9999039981662764,0.9999782161675588,-0.0011566364683667,-7.421961806997057e-05,61786170971.117966,1.45587374771725e+20,24.846938324228223,46.42633825409274,8542329607.725995,14.708760355843628,99
60,PRJEB39382,2.085882057518277,1.4903554684706557,-0.0307572166660272,-0.0530647231309329,0.1650550063596719,1.6382291551535069,5.283068315783025,3.250228563069338,2.245937799093528,0.5461977310669079,6.058586298321038,7.011852511324981,0.9836903544304468,0.0491970761610789,0.984385482004827,0.9998265184170864,0.9999367047681522,-0.0007061538260038,-0.0001101933257778,50990932817.21036,1.281208956045334e+20,24.65490504660353,46.29846938616517,-2252908546.181616,16.06974769510193,84
61,PRJEB40538,2.040768893482355,1.4736998186148371,0.0116739116580228,-0.0070561271150548,0.1312789782478752,1.553067389241367,4.508714141196539,5.0163879641044975,2.7122222774250715,0.516943317913067,7.617365806365767,14.69126784871549,0.9855687288649496,0.04927710390338,0.9865739211881556,0.9999682857447564,1.000016660604608,-0.0010188717759694,-4.83740539106714e-05,69955894249.34988,1.247789497331827e+20,24.971125716386823,46.27275009115123,16712052885.957912,14.356981423940644,77
64,PRJEB41341,2.01066439326324,1.418421866822038,0.0206152766670741,-0.0390884260332979,0.1403559205000049,1.5850925456855265,4.6733270905501625,3.5368044555805005,2.8274132411283595,0.5293116617128192,7.1247439825665575,7.0232026133337015,0.983680772696293,0.049264681520378,0.9842034299870585,1.0011974924709228,1.0005136561694017,-0.0005310459960216,0.0006834852251185,52068318683.3941,1.2213187718547852e+20,24.67581457205213,46.25055612024891,-1175522679.9978745,15.621753264353822,91
65,PRJEB42155,2.360842026117033,1.6526892194103755,-0.0832158768642798,-0.0697336168788378,0.1671637299579587,1.62376925783479,4.533612182495075,3.346321418369933,2.210778405994109,0.6543605233680856,5.982158930358264,7.594636037200251,0.9787075622451098,0.0489020573585971,0.9787559879908686,0.999378835366076,0.9996658794940116,-4.947683217570997e-05,-0.0002871400673201,53247303753.06733,1.0865428572545112e+20,24.698201002619207,46.132854344784775,3462389.6753547667,15.598397327427207,81
66,PRJEB42918,1.9936141725325407,1.4310752639754878,0.0219894221195822,-0.0112976724737954,0.1266193389726938,1.416630038631864,4.502271306763057,4.548612069610491,2.6364464725810715,0.4533378107429238,7.897687731695202,10.7263977774817,0.9855260328664796,0.0492409283081221,0.9863757769030151,1.000109179408493,1.0000797260502448,-0.000861481046507,2.9451010235659325e-05,63087062725.01103,1.752576582376466e+20,24.86777203129227,46.612043874790814,9843221361.619064,14.309471890838012,76
67,PRJEB43667,2.1011863004769933,1.4965523515063135,0.0500109880688999,-0.0003012366423675,,,,,,,,,0.982293838476206,0.0491128604270617,0.9835663004325892,0.9997402118996312,0.9999945167669172,-0.0012937226049974,-0.0002543062617063,52272342558.04425,6.754788978848132e+19,24.679730032435053,45.6584653040415,-971498805.3477248,13.58424392721172,78
68,PRJEB44113,2.0557322506570905,1.4819642051629025,0.0637833382450505,0.0207233566366977,0.1273787002031307,1.6127834617839554,4.430912861055097,4.3837573332738895,2.9049637159641795,0.545530115253167,7.850606093525063,9.926926270254084,0.9852893698731868,0.0492766950129662,0.985875227118363,1.0003112923595543,1.0000743451921608,-0.0005942509042331,0.0002369295528203,62624856763.46916,1.458109444501846e+20,24.860417022017188,46.427359786941935,9381015400.077194,13.682515950431505,87
69,PRJEB46174,2.3875639466661536,1.6530067076322772,-0.2435529024040872,-0.1517140788957616,0.2145247341702446,1.660724199563233,5.051175651721575,2.610713729414837,1.6053675833585646,0.684029746984868,4.661467144419862,5.934285508978801,0.97774503234734,0.0488779258391192,0.9765106437040644,1.0002710954622158,1.0002096309122857,0.001264081094491,6.145166776105881e-05,54086724021.89821,1.69125240580099e+19,24.713851499038203,44.27390669278962,842882658.5062348,18.46366211683995,71
71,PRJEB5729,2.1913514103042955,1.5456523265777713,-0.0506132347209993,-0.0716028376080699,0.1543389941221927,1.7024455167348236,4.480146374786562,3.2143923167743136,2.3995549143622763,0.5750206014795497,6.479243989424239,6.379105143605888,0.9799260151706564,0.0489739933201652,0.9805995627674278,1.0002258740481078,0.9999754064072384,-0.0006868732379101,0.0002504738009201,43470332104.51565,3.773976558409578e+19,24.49533882862247,45.07652091660698,-9773509258.876324,15.326769313471654,81
72,PRJEB6358,2.264574226734449,1.578301085161962,-0.1871815397574385,-0.1459240322883817,0.2010674739729093,1.6025283118980536,4.785371576805504,2.752408346993509,1.8660365834150785,0.628472014880502,4.973454832056698,6.16330125695618,0.9782132849735342,0.048890447193306,0.9781524552985476,0.9999831232567656,1.0001071889205506,6.218833746940433e-05,-0.0001240523667456,43094573905.8869,6.5096027531262165e+19,24.48665902157916,45.62195213600356,-10149267457.505075,16.49067383048084,70
74,PRJEB6702,1.986800649915888,1.4380609035155356,0.0308862076717719,0.0032445304178512,0.116084102976858,1.6309140211224655,4.760187025713222,4.982077349627189,2.885409882901837,0.5143541094328983,8.614443962231034,11.815389447459568,0.9875722769477164,0.0494292330321446,0.9881298443771868,1.0005417396210194,1.0002530561303569,-0.0005642653469513,0.0002886104560173,63729468551.83207,1.57877383734418e+20,24.87790673070096,46.507941360811046,10485627188.440094,14.22017903371374,89
75,PRJEB6705,1.958511314023975,1.4183574587224572,0.0226308208239705,-0.0013668034717175,0.121304449266488,1.5834766987620963,4.867482538718654,4.873096648818401,2.8341496684924743,0.490384794006855,8.243720704779323,11.918400590896614,0.9879589499393472,0.0494146027903532,0.988728302252598,1.000112942692614,1.000049278200008,-0.0007781230814348,6.366135548874219e-05,64529612926.75053,1.513608067219827e+20,24.890380419181053,46.46544858769717,11285771563.358557,14.964219886735682,86
77,PRJEB9150,2.373813920536965,1.6365080340162683,-0.1071702413816257,-0.1024157338682811,0.1906955586390499,1.6827281050062404,5.031640421209001,2.6274056011689857,1.8965842673736648,0.6408109008439989,5.243960620461057,5.265706780450852,0.9753394005510868,0.0488478581153428,0.9752450152479366,1.000758931500973,1.00045217535182,9.6781118256839e-05,0.0003066175042751,48691504909.53415,3.868118040750568e+19,24.60874668886193,45.10079693119683,-4552336453.857826,18.21754264541557,75
80,PRJNA237362,2.316583195662981,1.6247175074504128,-0.058767108740561,-0.0634625317151578,,,,,,,,,0.9797589328310156,0.0489519329278898,0.9799062239883404,0.9984943896933174,0.9992985767548423,-0.0001503114825877,-0.0008047515329567,48194585276.138565,1.27248842662872e+20,24.598498731308464,46.29195108208657,-5049256087.253406,17.69402582778673,77
81,PRJNA240307,2.621693052733752,1.768729852591931,-0.1964342273921309,-0.1099328746808965,0.2183939057682503,1.7480809159265909,5.149250101049065,2.7533292392843847,1.6202666740374967,0.7019101537465918,4.578882347848821,6.905945706224464,0.9747830522559522,0.0487752774410763,0.9736144622063684,1.0007192982598443,1.0003757796747106,0.0012002595431208,0.0003433895463216,60438080550.06639,1.267323929827926e+20,24.82487769860183,46.28839708293721,7194239186.674414,18.125389384606077,90
82,PRJNA241153,2.2640802930700694,1.6101919675877276,0.0344972096480273,-0.0004470193026797,0.1238381869942854,1.436517014034078,4.2494213581249465,5.002868049448977,2.673579016502287,0.5907981806177406,8.075053618526777,13.149735534315932,0.98072399662741,0.0490662331024328,0.9818205361719976,1.0003342381069096,1.000136219359721,-0.001116843154313,0.0001979917768755,60863719268.8551,1.298881725157971e+20,24.831877529818936,46.31228369522048,7619877905.463122,14.34281274921538,87
83,PRJNA259224,1.9961179028294385,1.4096961185689325,0.0980365757047896,0.0146015814000204,0.1272760652993903,1.720610932461031,4.933248177080407,3.2409777614443684,3.094231986696597,0.5408416359887962,7.856936790493242,5.516547536668587,0.9829386899250588,0.0495466597275693,0.984228229465048,1.0082597450486834,1.0035611029204476,-0.001310203773255,0.0046819691542072,50687992141.93854,4.668582479411962e+19,24.64485579692621,45.25868234824492,-2555849221.4534354,14.74693076087857,106
85,PRJNA280026,2.5395630474738,1.7378156145649928,-0.1839384914927539,-0.1027616677166178,,,,,,,,,0.9760765016535584,0.048870184839288,0.9755065661987712,1.001436779002017,1.0006884698679794,0.0005842456366111,0.0007477943001947,43924170646.6317,8.985454252427231e+19,24.505726513054103,45.94440473990885,-9319670716.760277,19.488172857166354,87
86,PRJNA290926,2.1001879272094706,1.516192451218733,0.0364430921293581,0.006473860814431,,,,,,,,,0.98555712352242,0.0492708921093786,0.9861462656156056,0.9997446698258492,0.999840530825906,-0.0005974185713899,-9.587628936968962e-05,52744046188.40328,1.129893451525515e+20,24.688543329814088,46.17178106303878,-499795174.98870623,14.82568246669038,89
88,PRJNA304948,2.2997605852082765,1.6165600798181234,-0.0010595867953937,-0.0333181460936402,0.1360755659697929,1.6860034136637208,4.624626087350808,3.730719554377172,2.5489503474158584,0.6114894397213728,7.348857914888171,7.577523354176163,0.9807734534790457,0.049069309775547,0.9806960793953312,0.998936417016324,0.9995046929066204,7.88971072078759e-05,-0.0005685575008594,49818202951.84888,7.381980502360215e+19,24.63164062658482,45.74778651072821,-3425638411.543096,15.116182673793418,88
89,PRJNA306884,1.9319269224465605,1.3685647627929072,0.0311373273076773,-0.0184134947592928,0.1513422648739479,1.4644839442312665,4.551533747887452,3.5108015608574723,2.6640471669513266,0.4468344757792727,6.607539545102581,7.491030970780865,0.9855918853189968,0.049259233991508,0.9868068726894156,1.00016487357932,1.0000296727084503,-0.0012312311598596,0.0001351968592127,64772730395.96677,2.159874481027865e+20,24.894142302059745,46.82120630223074,11528889032.574797,14.037998810585789,73
90,PRJNA307231,2.4424636195011806,1.6880802877469332,-0.2061099196640872,-0.1247363314268301,0.1870500850750237,1.7087688545982205,4.60577381727288,2.733022477126269,1.8668698127594672,0.6550150988933298,5.3461616956705,5.591428109505314,0.977004296069198,0.048957232469118,0.9763155974248008,1.0024269372830434,1.0012760292931753,0.000705405758357,0.0011494412691379,47051153241.84433,5.9993680353965965e+19,24.574478243807185,45.539389915531146,-6192688121.547644,14.215267388525245,79
91,PRJNA307992,2.667631872540939,1.790747150299632,-0.1520561985208424,-0.0874169419080594,0.2086063852363663,1.6042728364561476,5.572719751634915,3.1207706760138625,1.6812601743457083,0.7102675069677087,4.793717118806919,8.942361471238597,0.9731870048169228,0.0486773559481308,0.9720884483467744,1.0002584652412403,1.0001105492429552,0.0011300992949936,0.000147899648091,58147305650.4684,1.4585302875026049e+20,24.78624219315329,46.42887870057058,4903464287.076424,20.634764866077926,80
94,PRJNA318004,2.1680829496255987,1.5544014422045829,0.0506378556582367,0.0098724348505783,,,,,,,,,0.9833281479876582,0.0491846812631426,0.9839942094417744,1.0002993800019726,1.0001850810399429,-0.0006768957050001,0.0001142778113736,62771303263.1595,1.5118234820879578e+20,24.862751303399765,46.46392587404537,9527461899.767525,14.552244296673305,93
95,PRJNA322688,2.3712235302361564,1.635133766217156,-0.0236293377661489,-0.0653155645892133,0.1395065075002548,1.5989236623278755,4.62113839680673,3.01244024490895,2.3949967264986527,0.6130690336141332,7.168124397338048,5.196147162058237,0.975355259157187,0.0488460585403856,0.9754865565884164,1.0001769164749292,1.0000625472333655,-0.0001345968638345,0.0001143620885315,58735095619.3976,1.308036413695804e+20,24.796291580689427,46.31977661839618,5491254256.005623,14.809676439210074,96
97,PRJNA324452,2.3844540120660054,1.6571040452116066,-0.0793654835373058,-0.0717834810181881,0.1747019169313274,1.5269060138841244,5.112588793182141,3.4050393089643576,2.040952505784853,0.604481648645504,5.7240356463465965,8.404742201415019,0.9771388712646067,0.0488435922938584,0.9773441438635192,1.0002240231827233,1.0001626676465816,-0.0002100310317518,6.134555720427315e-05,49639460276.127785,1.200748329615348e+20,24.62804736234397,46.23441141655079,-3604381087.264195,18.276463615314867,74
98,PRJNA324825,2.294798505896469,1.6069462220161288,-0.0168382815777583,-0.0493643724486798,0.1520964539352166,1.5698195680994418,5.315643843853804,3.640327466378395,2.3307955034979275,0.594896798267241,6.574775243780084,8.15633356623918,0.977988231687624,0.0490121243517065,0.9781608499316056,1.0024291072359517,1.0012800917607687,-0.0001764722478861,0.0011475465103498,61278435643.05205,2.223797354513637e+20,24.83866842381061,46.84959216086583,8034594279.660074,16.017976717568537,91
99,PRJNA325931,2.2506072889955724,1.6058113413207544,-0.0187453638016892,-0.027741506693163,0.148015143964858,1.6022063270129832,4.267387641608125,4.253894474364059,2.465657784762218,0.6242730134672136,6.756065448528847,11.485861588467962,0.982815384569672,0.0491131505155262,0.9830030602469276,1.0000527092890397,1.000093179035365,-0.0001909207456672,-4.046597574502986e-05,48362614716.04451,5.0224377237141815e+19,24.60198820443796,45.362068651930585,-4881226647.347466,14.974566619221338,78
102,PRJNA342173,2.253901139845655,1.5902907811401907,-0.0668550416370306,-0.0686203473989006,0.2115353961168102,1.7174684353988714,5.0195553831848,2.7357064753145206,1.697852840494993,0.5634481947272963,4.727341231572415,6.493468733460559,0.9799060482422164,0.0489946232697528,0.9806504745696044,1.0009153986079795,1.0003985943121476,-0.0007591148392751,0.0005165983826551,59858281025.44591,1.536890702596677e+20,24.81523550935143,46.4807423561422,6614439662.053933,16.4673161365065,72
103,PRJNA345390,2.0589633656257225,1.4162796234107673,0.0021557511416832,-0.0902603443015648,0.1237961922575052,1.732174904814432,4.24583704835072,3.026228997136431,2.7013879854648244,0.5224046370932018,8.077792876859462,4.839145187282974,0.9790973184648212,0.0489357690780938,0.9798072713986942,0.9998697484958708,1.0000266365252564,-0.0007245842673319,-0.000156883850545,63495449273.2644,9.63463677720322e+19,24.874151782274723,45.99867932742491,10251607909.872423,13.67073364269101,72
105,PRJNA352060,2.595744476782117,1.726053005558883,-0.2998910581000373,-0.1772720239508591,0.2479322086470941,1.6984674699761926,4.758186646292088,2.002097961307464,1.4286707148031517,0.7362592421544465,4.0333605926263365,3.975449996080487,0.9687535592658368,0.0482204076986692,0.9672691074127556,0.996350508355478,0.9982357149456024,0.0015346834109606,-0.0018885385103928,52449878594.06448,3.3386880373687312e+19,24.683121208463703,44.95372311904944,-793962769.3274956,18.284108202120613,78
106,PRJNA362951,2.4538850962195924,1.7046749775917054,0.0222322578851641,-0.0151810934201015,0.1411407262843626,1.6038415082312871,4.872221978641171,3.941139806780255,2.5271414673688493,0.674283624602883,7.085127208324369,8.8815485911664,0.9766635061596884,0.0489723124504927,0.977322629688995,1.0022204717183958,1.0009944589930426,-0.0006744175457354,0.0012247947172319,61167424344.33099,8.304312979835353e+19,24.836869316142906,45.86419950461985,7923582980.939013,15.46652983785081,119
107,PRJNA368739,1.9414031358336448,1.4107096321795496,0.0407552065336391,0.0198333684710625,0.1258121770765392,1.5808346850316917,4.624330650213753,5.558185160951879,2.9157155669651584,0.4979054591831344,7.948356218266848,18.48337818798577,0.9887686419665078,0.0493874002572799,0.989657736725617,1.0001225153675053,1.000078065799057,-0.0008983861047262,4.444609872833461e-05,64939589244.8844,1.509234195270507e+20,24.89671427378904,46.46223898266755,11695747881.492424,14.027212174201006,96
108,PRJNA375772,1.8846958566494407,1.322552438631249,0.0096397641865537,-0.0555657581151907,0.1418811744899999,1.8586214731325608,6.792196475606867,3.1383600024512504,2.8843934436551497,0.4583994434253104,7.048151409759314,5.657497848673888,0.9855184286988322,0.04924074594038,0.985540888719128,0.9989179445242908,0.9993800263235274,-2.278953674372808e-05,-0.0004623684555079,43308750352.03968,6.797449143174494e+19,24.49070407313427,45.66095380513048,-9935091011.352297,23.30528593911115,111
109,PRJNA378749,1.986029904363409,1.4161845169763083,0.040041184021182,-0.0072606207625949,0.1198663922880431,1.5629422761047,4.812416779141326,4.319338442304444,2.748307890220761,0.471783841251062,8.342621988630185,8.95651709609512,0.9844554616644002,0.0492461933219427,0.9855175771956844,0.9993489784084972,0.9996299495969774,-0.0010777235798334,-0.0002810752004714,65907665943.025024,2.0154646631135032e+20,24.911507685588823,46.75140703902914,12663824579.633053,15.1184766159701,81
110,PRJNA382861,2.108137031083365,1.505822663563703,-0.0372806908659058,-0.0498703221764509,0.1571746962603004,1.5602391327921403,4.59791955639006,3.737297633591089,2.195252735322108,0.5183831324872185,6.3623472721326495,9.058108865871493,0.9835634422896136,0.0492632282722139,0.9839533229567398,1.0003987968190482,1.0002105677225268,-0.0003962389861691,0.0001881894698934,52023013637.65689,1.403801082968594e+20,24.674947179086864,46.39072253496984,-1220827725.7350852,14.48883157484307,74
111,PRJNA382889,1.853136756936318,1.2314704390309388,0.0834415875731677,-0.0507141767988739,0.0871007198766333,1.4913992563315606,4.768605478548366,3.023532656091628,3.1726173678101497,0.3961392667711366,11.480961367671451,4.104446256928217,0.9759548814227392,0.0487511709535535,0.9781054210193316,0.9978871808690106,0.9988018139131,-0.0021986787419612,-0.0009157302593455,61959969251.58156,7.92303944780482e+19,24.84974787242719,45.818453544253686,8716127888.189585,14.433897404898325,82
112,PRJNA383606,2.171752373737528,1.530004097417971,-0.0584323697604944,-0.0797919109857394,0.1638123994585376,1.6109296647171596,4.778247581770838,3.040441974388413,2.301984118810518,0.5539871251256817,6.104543998533573,6.057406594619012,0.9811019129860928,0.0489974124605762,0.9812042551171236,0.9992207186692552,0.9995276873356184,-0.000104302575633,-0.0003071137200625,48761653506.25177,6.299028838965944e+19,24.610206219001448,45.58908358146227,-4482187857.140207,17.0384328372382,76
113,PRJNA385551,2.123792697440241,1.5131692563347563,-0.0533724761825027,-0.0687239668066514,0.1373880107361019,1.673140989585968,4.424235630859651,3.752542287009665,2.5550790113173005,0.5547118416056016,7.278655500157312,7.746053772486207,0.9830380766873186,0.049250121403516,0.9831772194587188,1.0017074266230044,1.0008454218019094,-0.0001415235917252,0.000861276679013,53087630249.71161,1.0256687927654826e+20,24.695205150856303,46.07523478607028,-156211113.68036574,15.020728517362729,77
114,PRJNA386260,2.095796074741396,1.514092346440946,0.0471850544843901,0.0151531950579371,0.1094195642231466,1.4653351314057388,4.670767970837773,5.573779298727265,2.885537194969745,0.5236715142965228,9.13913345478724,14.2873640678915,0.9853496866422784,0.0492074601921299,0.9861199330420696,0.999899125804222,0.9999013016636848,-0.0007810879528771,-2.176074237691949e-06,64184998230.82878,1.601180268461111e+20,24.885022392420822,46.52193875377297,10941156867.436804,15.463795660134082,86
116,PRJNA388263,1.9842969972678013,1.3875450269797347,0.001919488942242,-0.0641005401378913,0.1347605655222821,1.672949533662757,4.158113394304373,3.097181872767393,2.830623553450638,0.5108493630587261,7.420568443924006,5.315936868444936,0.9823535315905276,0.0491083115291372,0.9832769945323134,1.0005459175687597,1.0003357497640817,-0.0009391686644973,0.0002100972645708,50316899219.11018,6.016511230024636e+19,24.64160380410601,45.54268913935867,-2926942144.2817965,13.33484778736713,80
118,PRJNA391159,1.9889793693287736,1.436102931495557,0.0222844382774058,-0.0032343496131548,0.1420225382769867,1.4863932920148004,4.18760297010598,4.705990131713377,2.635535138793252,0.4795184134972334,7.041135950194744,14.18991312466218,0.9865476031012156,0.0493229828444125,0.987347971246465,1.000219535225582,1.000062521104677,-0.0008106241857558,0.0001570043048224,66355367167.29665,7.749939626272242e+19,24.918273474796024,45.795756904830455,13111525803.904684,13.448139073737986,74
119,PRJNA392012,2.0073811058818696,1.439568399499601,-0.0056955500732769,-0.0368951166037254,0.1304324751583103,1.5218615091831933,4.872345941354844,4.050425361828656,2.5629674653624885,0.4842033142866112,7.666802295871992,8.586994948174821,0.9856509294494232,0.0492147203153622,0.9859023576804832,0.9991375490777904,0.9996577139758476,-0.0002550234605904,-0.0005203430041954,47024802590.53617,5.160144882873947e+19,24.57393713812738,45.38873732608742,-6219038772.855804,14.547882778306532,84
120,PRJNA394877,2.5896293015673737,1.7406830707901744,-0.2374423836676964,-0.1403927254131747,0.2044553653919458,1.693516830273353,4.546763626728379,2.619754028036084,1.696032366759635,0.7058796216082417,4.891043079661794,5.6414351137168826,0.9713537487075335,0.0485250254447117,0.9702896706422202,1.0000710832547706,0.9999199665480226,0.0010966602010811,0.0001511288021076,51825000723.98735,5.910023578654136e+19,24.67112900578898,45.524895971655496,-1418840639.4046257,15.90674738715517,74
121,PRJNA395034,2.1331846524964906,1.519565976710898,-0.0632454921103722,-0.0727219657155133,,,,,,,,,0.9822082839480568,0.0491226478617797,0.9827097026040792,1.0007050244288425,1.000164794660617,-0.0005102408724504,0.0005401407559129,50443145693.05076,4.7565724821652685e+19,24.64404664150303,45.30113930910125,-2800695670.341216,14.517118217630752,74
123,PRJNA396901,2.2406301246965388,1.591601018611528,0.1010372923715112,0.0339616438733549,0.1165829328653365,1.40919721931516,4.442029512992201,4.762013398885976,2.911575198428767,0.5627322568188529,8.577584861028395,10.705231036444442,0.980577631251144,0.0491498105428403,0.9817543560049372,1.0024234776212608,1.0010351595777205,-0.0011985938708553,0.001386882398942,63766869581.79822,1.5443100101074898e+20,24.878488642935523,46.48523222229214,10523028218.406244,15.38221140178444,106
124,PRJNA398089,2.174015378417466,1.550908674869777,-0.033293007266808,-0.0472424030167228,0.1535395496746227,1.5519022933450717,4.672334719043546,3.831335060337305,2.277761504468612,0.5342548855989374,6.5129798942303525,9.305262166209712,0.982671839121952,0.0491451448562241,0.9830667656293964,1.0007119981749446,1.0002809734432951,-0.0004017290801117,0.0004309036591645,60877066596.580666,1.674706192389813e+20,24.832111624447727,46.566929727064895,7633225233.188684,15.389509902463962,77
125,PRJNA398187,2.1457684356172555,1.5317579804894317,0.0074312477344147,-0.0222263074664765,,,,,,,,,0.9835695171529504,0.0491824430169944,0.983995331211604,0.9993625339379854,0.9996162486156128,-0.000432739917708,-0.0002538120783638,49851801913.31672,1.244585612037465e+20,24.63231116460813,46.26973366162481,-3392039450.0752563,15.471339621404033,77
126,PRJNA398279,2.2407555735799654,1.592464669185603,0.0050992231757764,-0.0172604839736496,0.1478507472417408,1.2828307133129495,4.226376024117654,4.173731486506063,2.4961769046616284,0.5261976494791596,6.763577585204675,10.900013225874906,0.981330931993081,0.0490536821338663,0.9819899651005884,0.9995921174251824,0.9998225834961744,-0.000671120002168,-0.0002305069667319,62207925801.9551,9.396785546922295e+19,24.85374258924312,45.9890705444484,8964084438.563124,13.707022033898102,77
127,PRJNA413199,2.318698895269333,1.6240474638944733,0.0050788685064975,-0.0330784192184203,0.1465205879788182,1.604378425900966,5.160768985092842,3.694226051175253,2.4387585428506826,0.5984480923499107,6.824979436641118,8.053338519291659,0.9787046387265492,0.0488897337331466,0.9791158296331156,1.0002152363297472,1.0000872992347742,-0.0004199614531005,0.0001279259271373,50661511888.47511,1.148223588266928e+20,24.648387937688504,46.18845555293251,-2582329474.9168653,16.329662501304863,83
128,PRJNA414072,2.2840221199403627,1.6113909391428385,-0.0082560957396378,-0.0335223794925856,0.1545300681259503,1.619451139266049,4.774045711985443,3.634352280810516,2.4185778838737653,0.612082277607442,6.471232505928532,8.290353046751601,0.98085850659259,0.0489835527862513,0.9812740973872754,0.9991368159588412,0.9995429821679214,-0.0004235216192824,-0.0004063519191532,59840991487.99459,1.772625967066801e+20,24.814942608317203,46.622930191163015,6597150124.602613,15.2880233179186,101
129,PRJNA414540,2.0986986495220803,1.502846649109526,0.0182212660038474,-0.0158692253158756,0.1324187394343154,1.4609883835699289,4.057071245706058,4.4627335118839895,2.655792022767023,0.5132498231633179,7.551801235021098,10.909983032806336,0.983388346422849,0.049208553905324,0.9842108305206606,1.0008530846792163,1.0003419631822366,-0.000835678771566,0.0005109467719957,54249259411.88671,1.173520421577218e+20,24.716383180792484,46.20553629852953,1005418048.4947356,14.095012421682986,82
130,PRJNA414683,1.8552611820031275,1.3274538890474337,0.0285888536182907,0.000171183506691,0.1270421803763465,1.4342059625666308,4.167136671576927,4.683686496699091,3.0579662017569054,0.4549906936947522,7.871401427759078,11.565393196886015,0.9882228604645308,0.0493516501251268,0.9893807569833166,1.0000393373676917,1.00008423587792,-0.0011703244788349,-4.489472848145937e-05,54019737875.71908,6.726446351243663e+19,24.712612453292472,45.65479138665165,775896512.3271042,13.01181651621216,72
135,PRJNA421288,2.0530356668819785,1.4774627587219809,-0.0017845452064935,-0.0229334135818088,0.1571469917136142,1.6981903322875476,4.587535994734272,4.027557961940677,2.58288106540386,0.5565408399576509,6.363468935010904,10.971839368124243,0.9861185550222696,0.0493117015846171,0.986371527725302,1.0003956940043497,1.0002096831159455,-0.0002564679696462,0.0001859718932379,51249183947.129845,8.78718342319965e+19,24.659931017490173,45.92090507323237,-1994657416.2621264,14.549426989633634,76
137,PRJNA422134,2.0899720985504127,1.4952615361307011,0.0354787837186059,-0.0096630093211445,0.1410230092872033,1.682563527472487,4.684329787061058,3.745021113176087,2.6340235747235825,0.5438357473650993,7.091041419797174,7.936622434417834,0.9841083925547728,0.0493306584846443,0.9846273344461144,1.0018048587729012,1.0009021094449528,-0.0005270439619,0.0009019356832498,48341600122.06844,8.474141919244186e+19,24.60155331398861,45.88521904231565,-4902241241.323536,14.381722617264476,102
138,PRJNA422961,2.257815051022581,1.601240668486999,0.0374065139075439,-0.0044617224929606,0.1338585574499644,1.641653669897061,4.958940571143377,4.48904505252673,2.5359725379360736,0.5700188240728081,7.470572065396675,11.247838582362078,0.9808714910930364,0.0489605452712231,0.9816173814630298,0.9994937814447136,0.9996956055933076,-0.0007598585600449,-0.000201885601442,61476567394.87349,1.307165212176253e+20,24.84191840380593,46.31838750326253,8232726031.481504,16.707872133802578,82
139,PRJNA427597,2.267983419639023,1.558281364428609,-0.5575042679542608,-0.322674834499252,0.2554308132067165,1.8247332015664568,5.769812364133588,1.8133987151521005,1.3524044291765058,0.7307172503392959,3.9149544545775465,3.3781513593119565,0.9785023297328934,0.048985245720965,0.9755991426925428,1.0014159245876408,1.0007461833585671,0.0029757990893044,0.0006692418519409,40821301142.26184,2.808062658040085e+19,24.432466230754475,44.78054742348822,-12422540221.130136,23.568212253078304,73
140,PRJNA428477,2.5849047027544154,1.762013197177119,-0.1569304271776275,-0.0888942456801404,0.1947374682505594,1.7357688961630071,5.093942114076935,3.1143541685006007,1.8961906279152667,0.6993656501774033,5.135118623979171,7.914122820686261,0.9740899510400284,0.048601920332907,0.9741527059161784,0.9970189311904524,0.9984589235617116,-6.441995774253417e-05,-0.001442214934714,65124773602.87783,4.4838201134670815e+19,24.89956527312356,45.24806335060757,11880932239.485855,17.994307912112312,88
141,PRJNA428736,2.024152273480013,1.4579092413950052,-0.0281151253647404,-0.0374552468422324,0.1462402149215366,1.3815475328187807,4.539765107444034,4.314805980739247,2.2390369475019978,0.4733109582659018,6.838064348691895,11.693182641599906,0.9857266173148728,0.049286842378707,0.986762488615556,1.0006448081065864,1.0002208048244847,-0.0010497676113901,0.0004239096807989,63588263935.54222,1.5652920890478828e+20,24.87567966471513,46.49747485126718,10344422572.150244,13.940251834618572,75
142,PRJNA430990,2.198441843429352,1.5741833451581642,-0.0206758317492732,-0.0288261120087547,0.1776533422165718,1.5934941616361074,6.212234283684561,3.936518964503848,2.129343427747567,0.544806281391466,5.62893997671561,13.092740404727554,0.9836519354097384,0.0492690006712257,0.9840497064019652,1.0013029780149345,1.000566422750211,-0.0004042183942932,0.0007361382992439,52604708940.9693,1.1207646293791398e+20,24.685985308185465,46.16090162826579,-639132422.4226768,20.88356400280881,84
143,PRJNA431126,2.3531116605488225,1.6392296183718806,-0.0561977367752697,-0.0676211312101406,0.1769109840345678,1.6432820712646894,5.839616015484103,3.1653529185972444,2.0356208580018507,0.5993489201457901,5.6525602718065455,7.193750103232356,0.9782974273446928,0.0490600565713733,0.9780023257632592,1.0035166452531594,1.0016874800740134,0.0003017391407562,0.00182608369929,49563241683.86002,1.0240284436533725e+20,24.626494425827104,46.07494393643479,-3680599679.531956,20.365196246670777,90
144,PRJNA431746,2.1530881725817954,1.5459372181546085,0.036974807852868,0.0052656893892351,0.126917030870356,1.447331218558927,4.272113165216367,5.164480847617164,2.475984815549106,0.5003935949796245,7.879163207193889,14.98952072062949,0.9838693689094182,0.0491894116879892,0.984553247719876,1.0005687856821708,1.0003109848722906,-0.000694608252059,0.0002577206626528,61767174833.19997,1.901569059755428e+20,24.846628062855128,46.69286165008768,8523333469.808004,14.890617745708528,85
145,PRJNA434133,2.388745627630732,1.610786676256494,-0.0752589489767174,-0.1230404850728676,0.172751237994608,1.7632629714712875,4.953150431291432,2.493445580945503,2.263726054741485,0.6651708984178533,5.788670527682195,4.380197158040023,0.9668176749975624,0.0485356470784637,0.9677465570944426,1.0033980394174369,1.0015875343295673,-0.0009598402495679,0.0018076354046092,60478251069.4214,1.07018304806592e+20,24.82547022701665,46.11699676490186,7234409706.029425,16.814055972534348,93
146,PRJNA434249,2.232064761549811,1.5900493602301666,0.0643057165509706,0.0187531641397462,0.105380941507585,1.3785842785365705,4.05333730355131,6.069047850760569,2.8780611268435865,0.5225105571489774,9.48938190999198,16.837978948414335,0.9818332608600506,0.0490790921171004,0.9821720413653644,1.0001297968000002,1.0001020126179685,-0.0003449299013265,2.77813479836464e-05,49137261956.56952,6.09909400209877e+19,24.617864961785155,45.55624393737288,-4106579406.822456,13.42546586972523,88
147,PRJNA436359,2.4036983770084257,1.6754598363632494,-0.0304658754134976,-0.042931727019946,0.1454732718726404,1.5211591981274486,4.901299218566469,3.769528304803892,2.325709138165484,0.6326112268253801,6.874114998083528,8.346415679692166,0.9788733864370036,0.0488903369471448,0.9789003636718852,0.9998993738049836,0.9999754373697848,-2.755871371862284e-05,-7.606543316829306e-05,58013412295.901245,1.564482680244308e+20,24.78222993462084,46.49749557368947,4769570932.509265,16.088401145211748,93
149,PRJNA437539,2.442413214409636,1.696623713695066,-0.0200890614109874,-0.033237885265853,0.1558926121941426,1.5673967762992518,4.365997555196231,4.034589222037978,2.2234869151014443,0.6119943833494328,6.414672163903693,10.873808941761268,0.978180540853673,0.0489533596965824,0.9783582397278636,1.0002681441677477,1.000127127495749,-0.0001816296597451,0.0001409987471807,61952394264.51156,1.292421971321075e+20,24.84961138380297,46.306918644911626,8708552901.119587,15.10416393035097,82
150,PRJNA445640,2.3409582664845736,1.6129452373263415,-0.0543384589696214,-0.0851107130302417,0.1773081240390709,1.7730044513642007,5.473665588765377,2.722671147272306,2.1806902585143493,0.6335401879023291,5.63989949935765,5.2637605929751246,0.9729785993240402,0.0487182014878338,0.97381335520498,1.0009537614843047,1.000381093588633,-0.0008572031554899,0.0005724497387464,61161752893.22199,1.984926498243294e+20,24.83678420802706,46.7368382142865,7917911529.830005,17.33788611746189,75
151,PRJNA445932,2.2484824370666363,1.5783660115731233,-0.0802082585362091,-0.085711617999046,,,,,,,,,0.9786376450923664,0.0489490915655601,0.9792201195271067,0.999786870318269,0.9998931079717396,-0.0005948350356829,-0.0001062490106428,49180496019.62299,5.150635680349587e+19,24.61850983371248,45.38247782350152,-4063345343.768985,14.35945495717846,81
152,PRJNA449103,2.4361265573519284,1.6939438112496097,-0.0965404177203725,-0.0696081770791394,0.1726815303481925,1.632466136944109,4.243656004871893,3.5087489980520776,2.047737479514804,0.6531252384877978,5.791007283660359,8.903107563410588,0.979158721977912,0.0488583054190916,0.9783575498532529,0.998764702029864,0.9993024506500044,0.0008188950192893,-0.0005381239881785,60396542166.48576,9.404336413486424e+19,24.824194971821463,45.989455796983954,7152700803.093796,13.9407908615194,78
153,PRJNA450025,2.072999686723352,1.4948346283815366,-0.0252943849550186,-0.0373976796444548,0.1549411024149292,1.6132236983090873,4.901868763128828,4.084573395335819,2.398367417316509,0.5405869582828059,6.454065347502303,11.125635428330204,0.9855496956104478,0.0493067633316794,0.9860778646585692,1.0000092672827672,1.0000713765114937,-0.0005356261072793,-6.210479590262885e-05,49929091058.4492,6.346568160405798e+19,24.63380157744177,45.59255971594367,-3314750304.942775,15.892327527918102,84
155,PRJNA450540,2.179278925419073,1.5524058660657003,-0.0306213731762943,-0.0432437210517846,0.1936779377326135,1.6225215848896055,5.400059477247156,3.2594271647454964,2.0087925377307387,0.5488008518616723,5.163210697650927,8.839822865546319,0.9826688647365616,0.0491095142489528,0.9831982897213872,0.9993992827032872,0.9995917722841784,-0.0005384722393848,-0.0001925681925646,63641855895.167725,1.7366042668348378e+20,24.876527003719424,46.602917641500106,10398014531.775743,16.51693499078833,75
157,PRJNA472768,1.9657953512063333,1.393189250715594,0.0439256917996826,-0.0149579973329212,0.1189347454089917,1.579179253279448,4.852056957484559,3.833638544413079,2.5035943124396267,0.4349862556737754,8.407971922428633,7.046518602487337,0.9846845260007836,0.0491880318836838,0.9855676891687046,0.9994394015878534,0.9997471220307228,-0.0008960959025208,-0.0003077982782729,64829535529.54024,1.6020066908088412e+20,24.895017413364904,46.52169635986007,11585694166.148254,14.081139346143704,80
158,PRJNA472812,2.408175117229825,1.668689843698163,-0.0938938316011146,-0.080042248899077,0.1626923713687724,1.4975999951299406,4.656258191737543,3.3865788197561444,2.1442769865057194,0.6096778709825321,6.146569698300818,7.541996937829205,0.9760823860981294,0.0488514423900218,0.9764629181269144,1.000541336891232,1.0003185459784618,-0.0003897045363636,0.0002227199662205,61308197281.98665,7.804761719163791e+19,24.83682414158154,45.79776533380007,8064355918.594675,15.371649087612616,91
159,PRJNA475599,2.3673086539589265,1.6488655751037846,-0.0011648367955894,-0.0367533234186863,0.1409062938034136,1.469792382505471,5.159469081662492,3.805369513587625,2.4240782830809,0.6013255131912507,7.096915070345665,8.204773041577925,0.9775936427366472,0.0489026245711422,0.9777960008168324,1.0007690594777576,1.0004971628690793,-0.000206953270433,0.0002717614989518,62189984986.88851,1.817993568783279e+20,24.85345406246516,46.649044230010006,8946143623.496542,15.967521061016743,85
161,PRJNA480547,2.1218642033782555,1.5155342787269634,0.0198059324785138,-0.0160123369590681,0.1453625742888813,1.6177231679490114,4.993367362348415,4.054206868061663,2.668546484904581,0.5591473722163465,6.879349825029133,9.872175579521675,0.9830232077939968,0.0491552232560965,0.983621965324118,1.0002731649063783,1.000163217827895,-0.0006087272867316,0.0001099291360884,52117973023.001,1.356470294224955e+20,24.67677022327144,46.3560724298405,-1125868340.3909743,16.318001643878357,79
162,PRJNA480711,2.13676153503814,1.4847812049671638,-0.1043877314261001,-0.1337829648733195,0.1562530819493143,1.622102189665533,4.5225865324209344,2.673967789790937,2.321843529810168,0.5568768303045876,6.399873765845989,4.592991991365095,0.9776817204965852,0.0487995257943914,0.9769539618277212,0.998405774783494,0.9991297667747228,0.0007449262680736,-0.0007246225818753,50885092565.92827,8.90690753151701e+19,24.65282057317541,45.93496484157613,-2358748797.4637046,14.06808639450136,73
166,PRJNA485316,2.550490753286069,1.7444834515336958,-0.1091832384063788,-0.0728650672683026,0.1677441003821806,1.66275413207527,5.39748988011719,3.603843215968567,2.0466643738441634,0.6666024673752945,5.961461522173627,9.112659418786524,0.9760021049491712,0.0489476682273341,0.9753514972718816,1.0018407611258864,1.0007130689635455,0.0006670494474136,0.0011268886130453,64209161139.51318,4.927417760277218e+19,24.88541055335824,45.34271373418191,10965319776.121204,18.64480816966683,86
167,PRJNA485797,2.147687543389018,1.5412417573557315,0.0220321759738295,-0.0063375811733652,0.1166013840622767,1.3872686215568657,4.634878862457301,5.084778932031943,2.6111036722926526,0.5167877363380607,8.576227529734131,12.490008040847044,0.983903657737898,0.0491445881776666,0.9847964396719564,1.0000812532222776,1.0001047113301518,-0.0009065649489509,-2.345565180172926e-05,61662940585.41665,1.645622820884938e+20,24.84493775226245,46.54928003049708,8419099222.024675,14.891013034364866,84
168,PRJNA486009,2.290181737385018,1.6042941808010114,-0.0975944060769888,-0.0903904117882616,0.1906236368397396,1.6316208751644243,4.871120997052219,2.8469191491194894,1.865321778275634,0.605996389126074,5.245939153079512,6.225360607817014,0.9783167954276872,0.0489151674305504,0.9785445849724336,1.000502522821721,1.0002148432061044,-0.0002327840225622,0.0002876178228814,51371680343.00446,6.170032765509752e+19,24.662335402959688,45.56465374171754,-1872161020.3875155,15.385175805925922,76
169,PRJNA491657,2.527818494009909,1.723550205909983,-0.2582685456048388,-0.1409563799803084,0.2297396021545374,1.637914889210088,4.484068411101323,2.6870694690388803,1.5017653072771338,0.7086981269232052,4.352754120847379,7.021828946831681,0.9761994272676168,0.0487321117308574,0.9748699889681532,0.9992745406003144,0.9996642098241818,0.0013637083041921,-0.0003898001149166,50767184052.78668,6.428988286150447e+19,24.65048154825146,45.609072816871176,-2476657310.605294,15.749606736230934,77
170,PRJNA491813,1.9918892211890669,1.4356519885324883,0.0324066575715638,0.0028780627694882,0.1219757411357841,1.448041621466302,4.498270254113615,4.868096981428131,2.743914628124497,0.4647626147670264,8.19835149750633,11.984180183530516,0.985988065153708,0.0493497668529046,0.9868430992131932,1.0015934907846382,1.000761613664393,-0.0008664336409373,0.0008312440334306,53407404552.726456,9.879994491485684e+19,24.701203624963902,46.039153987705085,163563189.33448333,14.29963200775465,71
172,PRJNA491853,2.37694894962222,1.6260285159275392,-0.1895238047541059,-0.1512341992370318,0.206775291327661,1.6687779310433608,5.120954259047759,2.276739504083022,1.805386473282023,0.6418696671552437,4.836167772170498,4.302013208403554,0.9757237473157891,0.048783578015835,0.9752266637645288,0.99980458787103,0.9998680436142016,0.0005097107879941,-6.34641176673334e-05,62006600277.39684,8.608693346002243e+19,24.850503519293625,45.90041310378355,8762758914.004864,17.86175296507804,81
179,PRJNA509882,2.0742810949955444,1.4827195651189755,0.0454513716214348,0.0005018390245983,0.1373575110590559,1.5104755615395011,4.63999553392951,4.155637773772366,2.6053167593948348,0.5107213908164443,7.28027169602729,9.682469311958176,0.9836800010988046,0.0491324390076389,0.9848319107229844,1.0003900664389451,1.0002905824155408,-0.0011696509948934,9.945512349429642e-05,61794936842.8112,1.4206630965896482e+20,24.847079563027272,46.40193947026152,8551095479.419233,14.005858719700363,85
181,PRJNA510835,1.929584622520404,1.3907334045157689,0.0274181987235984,-0.0038380425935777,0.1246493453163982,1.62892094706199,4.855336670063892,4.914686484011363,2.916926512462206,0.4734617900841948,8.022505031708702,12.686743592693071,0.9882472650194916,0.0494282301458516,0.9886976277045904,0.999706822771153,0.9998196716785648,-0.0004555110404628,-0.0001128692609362,48487341348.03901,4.509941412274178e+19,24.60456282530874,45.25451783635605,-4756500015.352966,14.306931017596114,87
183,PRJNA516701,2.5904150847266534,1.7418940223414023,-0.2326533203714711,-0.1395512855496887,0.1986382142169275,1.7270354756426567,4.637769347227727,2.686293896618338,1.798960569824199,0.7283065844294496,5.034278041323542,5.75964297151805,0.9712014443971893,0.0486251808285836,0.9700805427677353,1.0004714927546734,1.0001938399122576,0.0011554727468876,0.0002775990326435,64532653059.305466,4.97588093642282e+19,24.89043384232057,45.35217070583295,11288811695.913494,17.546241719361213,88
184,PRJNA516932,2.0881963087002413,1.5045294883263354,0.0115752924366105,-0.0127083925140389,0.1327529345188536,1.6095057689040548,4.158480352917641,4.803611780747263,2.5772948717841384,0.5190776079139818,7.532790168626969,13.25842229903683,0.9849384655659316,0.0492565975549441,0.9856431296751827,1.0006976633517266,1.0003186933152592,-0.0007149282413031,0.000378849299728,63588848921.34403,2.010186310660686e+20,24.875691635151185,46.7492469506184,10345007557.952051,14.658256398336622,84
185,PRJNA517509,2.1476165602769,1.5186063287946516,-0.0004587340274313,-0.0461144736729124,0.1425646917894714,1.6955617980059556,4.309247331970289,3.5305218207670754,2.438531867297944,0.541812189927755,7.0143594984705135,7.108353361738633,0.9813841468672864,0.0491426648633349,0.9818290469952244,1.000900748151898,1.0004748078865389,-0.0004531340046413,0.0004257381215415,44512866801.98921,5.6726159855552e+19,24.519043021847523,45.484318987170376,-8730974561.402765,13.898648549167262,94
187,PRJNA518731,2.1838729338806973,1.5554284008325818,0.0149078269675797,-0.0189775023523228,0.1519491312213982,1.6484639807565256,5.051970186989373,4.056559687307964,2.3818907485260423,0.5544151218383608,6.581149835881229,10.574717300333498,0.9818665566484236,0.0491690406642756,0.982701984916115,1.0004444795423295,1.000201158931345,-0.0008501338966591,0.0002432716747142,63544718973.34847,2.1116721632900003e+20,24.87499982643393,46.79824688410064,10300877609.956491,16.272417399107443,82
189,PRJNA521398,1.919546135057264,1.3858316303018012,0.0108526317499448,-0.0115063526849694,0.1328941252961869,1.5620130827923544,4.280055847544114,4.541572680840304,2.598807976308162,0.4717900407161249,7.52478710229859,11.455551866175703,0.9873384646845922,0.0493284051232532,0.9884337664974484,0.9997925745347684,0.9999319772533288,-0.001108118570997,-0.0001394122017611,66913174011.58297,1.703182394221562e+20,24.92664808617172,46.58311417764898,13669332648.190994,14.109056464102984,83
191,PRJNA526551,2.630698602633548,1.7281175277211027,-0.2965666654634291,-0.1865677111142407,0.2411261994258489,1.673214894360902,4.639067579676457,2.0002881245971755,1.470378594541951,0.7334430043330337,4.147205912842001,3.863961062290592,0.967407635653392,0.0483743691108743,0.9649864107819252,1.0007516016198357,1.0003937906467943,0.0025090766506286,0.0003576701258911,51735288455.98778,3.091527361905933e+19,24.669402269602543,44.87630285442229,-1508552907.4041946,17.9543293423377,76
195,PRJNA528754,2.5380931660276573,1.7264720337734754,-0.1970679697680628,-0.1174889370964971,0.2400674923025415,1.6376826115572871,4.666100326801082,2.5409258362645737,1.4825048512490828,0.7058503179071719,4.165495254725137,6.515089101946872,0.9749727972400108,0.0488409005893633,0.9734727354221472,1.0006576272167431,1.000284923667475,0.0015409387066327,0.0003725973874542,62884288931.522415,1.11793651783385e+20,24.86453654854005,46.16298658832997,9640447568.130434,16.925084762039056,71
197,PRJNA529598,2.0986045883959585,1.5047033304361923,-0.0147255729972086,-0.0357644577475555,0.1798404274940215,1.667598077132865,6.0225221054949,3.429099605555334,2.286988314765294,0.5635418168985694,5.560485002924292,8.946039019391542,0.984967068820064,0.0491856587464949,0.9854164591407294,0.9994230513070644,0.9996916471221584,-0.0004560410134182,-0.0002686786629328,64212605560.73733,1.338199972811866e+20,24.88546179215708,46.34227267588262,10968764197.345356,18.517288070879253,89
198,PRJNA530790,1.9437320475819493,1.405075302385348,0.0422006436798878,0.0138666481838891,0.1111248437526985,1.4561915547804192,4.343719201115418,5.563676214215136,2.940614278807055,0.462347603257075,8.998887793493221,14.574618423232844,0.9876781113315164,0.0494053263221551,0.9884421880253272,0.999518072868581,0.9997767494511964,-0.0007730110097153,-0.0002587343452001,48034716254.55025,5.407360796760317e+19,24.5951829297642,45.43652189330365,-5209125108.841725,13.465553910719652,70
200,PRJNA535518,2.144437555014939,1.531528875050331,-0.0081200983703375,-0.0359203905802216,0.1370090615194114,1.4546228834880497,4.505803369191339,4.327479058568374,2.4031614599395854,0.5318681298446462,7.298787313117391,10.630115270639946,0.982569699818818,0.0491193775473762,0.9831953253122222,0.9993623689238786,0.9997023722844072,-0.0006363186208248,-0.0003401045850793,64803233545.46687,9.866526953784128e+19,24.894613933728984,46.03718402263787,11559392182.074894,14.382487543706294,90
201,PRJNA541332,2.165272236379116,1.553656301898367,0.057136411701145,0.0147718169923027,0.1160103807447269,1.5978792538286075,4.390671049377192,5.010249203794978,2.919411707232449,0.5708206096413211,8.61991826576652,11.96451472042868,0.9843364782914256,0.0492050035963025,0.9846671784002474,1.0003126638158348,1.0001538718394307,-0.0003358496313029,0.0001587675465497,51798000141.0744,9.132928220060488e+19,24.670599851158904,45.96057386204854,-1445841222.317575,15.15052308353994,89
203,PRJNA544370,2.035990936105177,1.4239261500611526,0.0981461991746861,0.0033036929626288,0.1107792019725282,1.5082447089054232,5.189638526271567,3.494848663475663,2.9410571508852765,0.485324094612458,9.026965190162562,5.702677642073189,0.9811904739308226,0.0491196658204522,0.982478236539716,1.002296199778636,1.0011862183961284,-0.0013107288904727,0.0011086662621921,62803165248.122765,1.23640731367283e+20,24.86326792077612,46.26349616091683,9559323884.730797,16.701278622479162,101
206,PRJNA544721,2.216265775825451,1.5788131935001164,0.0133239602743278,-0.0143886884593642,0.1430063314119071,1.5280590611681315,4.720197126900113,4.353137099168568,2.5849921252059715,0.5848941727805892,6.992697387080424,11.532288373318412,0.982257682235858,0.0492368527138887,0.9827472024209256,1.0010266778687371,1.000518563893547,-0.0004981140458722,0.000507850622194,50330990285.06415,1.513645123750715e+20,24.64187836547038,46.46563909557541,-2912851078.327826,16.544482204195468,74
207,PRJNA545312,2.581938270163077,1.751597933393781,-0.2293072994416922,-0.1217866836171335,,,,,,,,,0.9759895990405664,0.0487181035569027,0.9745500379220996,0.9985715729874138,0.9993348562604588,0.0014771546482477,-0.0007637913040492,51924278382.108505,6.366382771220167e+19,24.673048084706103,45.59940615653572,-1319562981.2834656,15.249580354819846,74
208,PRJNA547591,2.053488810150032,1.467838299053134,0.0277024958960367,-0.0157848109535183,,,,,,,,,0.9841702464205512,0.0491700911872342,0.9849598133580768,0.9993075097799486,0.9996200437609496,-0.000801623504652,-0.0003126527753737,52742873415.76481,1.054919963933996e+20,24.68655887322645,46.100905640726246,-500967947.627166,15.241216369461606,95
209,PRJNA548153,2.554204682118672,1.7337854086357694,-0.2358591368060971,-0.1309377167221961,0.2395319715099645,1.63091074583916,4.465626057983704,2.5880134379776845,1.502521310449978,0.7257585122375643,4.174808037925744,6.808984164354188,0.9767497007047108,0.0488384757784944,0.9753944055450926,0.9988864731976982,0.9994244978130512,0.0013894842454633,-0.0005383344279937,53782128038.65773,7.0089933424849084e+19,24.708166519701617,45.69395158991419,538286675.2657531,15.296567041000063,82
212,PRJNA552448,2.3163112761319256,1.6312085167313437,-0.035795746055212,-0.042974285306419,0.1728830290627145,1.4688583361298382,4.430210824361143,3.576432296299909,2.152966485256891,0.593230774766674,5.784257745954019,9.369855853411694,0.97943741623222,0.0489349616267596,0.9799753562102806,0.9996051722120824,0.9997086715332296,-0.000548932148805,-0.0001035294822324,48741041878.12772,1.169327282090419e+20,24.6097640710979,46.20705220803335,-4502799485.264255,16.80111335109668,75
214,PRJNA556249,2.418731622317136,1.6719376965417685,-0.1454018579296114,-0.1058248204558955,0.1911953798073102,1.698570197625828,5.246073247322057,2.84739329307181,1.8803444419223807,0.666261904832722,5.230251907801414,6.249881596537666,0.9773698399200664,0.0488384934709047,0.9765023143650062,0.99977487670399,0.9998735051851726,0.0008884009206104,-9.864095875244948e-05,53755520666.50219,3.4079999890117665e+19,24.707703807435845,44.97399340318217,511679303.110215,19.297607228518928,85
215,PRJNA559052,1.932278842834536,1.3956720330755596,0.0194946736742329,-0.0020953098023592,0.143404605906034,1.4672776818545723,4.429315721412249,4.488520701950146,2.8819468609480987,0.5045384028654413,6.973276720660221,12.596688240384752,0.9868390100870932,0.0493805186225712,0.988382199099323,0.9998648545513732,0.9999570546376546,-0.0015613282125436,-9.22040460177298e-05,64154656564.484924,1.697478862550075e+20,24.88455762086765,46.57996398094319,10910815201.092943,15.418320315567517,88
216,PRJNA559143,2.1432447692911856,1.5384588890823871,0.0477246318348254,0.0088201112347434,0.1230070094960734,1.6008927477225778,4.5617269490832975,4.8977127791886055,2.743331464538996,0.5551671732413695,8.129618011987533,12.319833398317463,0.983987245443451,0.0492085198758138,0.9847663821503494,1.0000561739323055,1.0000400515273973,-0.0007911893836151,1.6121759207399222e-05,62727856422.50228,1.628669263342608e+20,24.862057306719613,46.538644635014506,9484015059.110304,14.71832077295512,93
218,PRJNA560950,2.12300923084042,1.524837475700045,0.0391630387050909,0.008213757816238,0.1202375128913765,1.380317293443489,4.1142664469046295,5.31889512360734,2.766217964559748,0.5131400457685305,8.316871964104976,14.755474137085628,0.9838868900998466,0.0492480731497203,0.9850158417496868,1.000131627977178,0.9999679041457176,-0.001146125373816,0.0001637290864853,50247789148.58635,1.253694053491492e+20,24.640217944474376,46.27639069422706,-2996052214.805626,13.683549383584346,78
220,PRJNA564612,2.101012516462013,1.5141093347457657,0.0345146788135757,0.0052801249707397,0.1117767085430566,1.3949075266836295,4.593765916426469,5.323360048322306,2.661165351808297,0.5122689860816503,8.946407646408716,13.1449967883534,0.9847121643356777,0.0491895696405493,0.9855931900075564,1.000135372486891,1.0000489332082303,-0.0008939039766214,8.643504911631794e-05,62398013856.52773,1.1078023519303864e+20,24.856790934179884,46.15315081110431,9154172493.135763,13.751009458040656,79
222,PRJNA574565,2.2273373681179454,1.5830850589218115,0.0049933006047897,-0.0219530781476942,0.1369921172159092,1.6586929256749354,4.611412931036144,4.318359804597314,2.5888143631988725,0.5793302349723318,7.299690086721776,10.573363322246232,0.982322313620942,0.049114974067155,0.9829072783772704,0.9998282642320172,1.0000125002876314,-0.000595137272047,-0.0001842337526393,63185317529.18557,1.470866216730607e+20,24.869334144889613,46.43666073352815,9941476165.793594,15.698312059566566,81
223,PRJNA575562,2.1044478038081578,1.508838785665572,0.0658083250091277,0.01764771340401,0.1340331899357243,1.3898219259027884,4.646919982444492,4.125415209355141,2.855821643729025,0.5344672662025276,7.460838621236655,9.227931006585893,0.9834349496762428,0.0492282671202277,0.984462421238734,1.0012547476301663,1.0005520358640196,-0.0010436879461569,0.0007023240580785,65223470717.48942,1.807540098234936e+20,24.901076773944084,46.64314013297826,11979629354.097446,16.22730413516946,96
226,PRJNA577051,1.977772127388636,1.4315386052388015,0.0116475604093921,-0.006593709543603,0.1638071786929866,1.6012803444630272,4.062414870016996,4.197411981467303,2.8243859185499813,0.5512530408751306,6.104738558950682,13.43456494213735,0.9871031855803272,0.0494156827809051,0.9880858645218102,1.0009662846939489,1.0005087361608236,-0.0009945278813988,0.00045731588,64902534563.10266,1.327922474146752e+20,24.896144295328856,46.3345141825467,11658693199.710684,13.813058627860707,90
227,PRJNA579147,2.3480746426777763,1.5751751237545977,-0.4188985293279947,-0.2843968937825676,0.2002030201641889,1.6470748214509658,4.742060658241644,2.386935190891573,1.828384152496052,0.6707058397027102,4.994929642819015,4.5715485827283056,0.9728711033250456,0.0484128794615813,0.9660272535456452,0.9960832006664212,0.997230002433869,0.0070845307461888,-0.0011499872292739,61161383370.04976,1.4299922473514847e+20,24.836768024726727,46.40855518594419,7917542006.657785,15.505139697375128,81
228,PRJNA589036,2.023845240324172,1.4489602848706542,0.0503413160955936,-0.0001582123989438,0.1086290578095305,1.5514937154480477,4.094617088605814,4.801990210371417,3.143878284999151,0.5160860162575491,9.20564000245122,10.038353470223724,0.9845862533601126,0.0493162131774292,0.985461122936266,1.0013099325474286,1.0006495585485315,-0.0008877768547037,0.0006599453257691,49493221610.125206,5.026561013021793e+19,24.62509674893373,45.36257987297388,-3750619753.2667656,13.487640173803452,98
230,PRJNA590519,2.364008644399591,1.6004187428195298,-0.3241781831815267,-0.2295455502890786,0.1856880871675499,1.7042213295260449,6.318309382563785,2.2423507766885944,2.011751219804208,0.6750421750892611,5.385375094621342,3.84212745580226,0.9701608107618124,0.0478457418837214,0.9676451186659694,0.9871650282676738,0.993507313068974,0.0025998085944061,-0.0063837323770759,61036735275.12337,7.11726099235113e+19,24.834733131502784,45.71104656728285,7792893911.731394,18.905981377252232,98
235,PRJNA600229,2.204278268997282,1.5769712214568803,-0.0141469288994491,-0.0284777594995335,0.1472898204551117,1.7316146794699825,5.475534950704779,4.189048152002139,2.497906312773888,0.6253587942850111,6.789335453801859,10.937581057441886,0.9838072989891148,0.0492660930886257,0.9839060934977776,1.0003259878349475,1.000185679842069,-0.0001004105059573,0.0001402819453493,49776974406.00972,5.3237331495351394e+19,24.63080831184368,45.420183479934586,-3466866957.3822546,16.1688880055921,77
236,PRJNA601994,2.212410179357157,1.580725754430356,0.0002565209825773,-0.0207869926742432,0.1609413616159552,1.5735599645847191,5.473763401316846,4.097419742176152,2.4019343194760867,0.5791321539171158,6.213443144505267,12.031570434978194,0.9832389331935047,0.049240978575138,0.9838910305954036,1.0005377897274117,1.0003379572357396,-0.0006627740081178,0.0001997649796514,62603437284.28811,1.602334823667808e+20,24.86008309871507,46.52280798284959,9359595920.896135,18.33185841211164,103
238,PRJNA604280,2.369818086264276,1.6627226455363069,0.0202293293334938,-0.0135787099544326,0.1226872059532355,1.540384033413575,4.627617547304662,4.831032074904321,2.6189021594441937,0.6289647577379969,8.150809142896028,11.861284537872612,0.978907712712114,0.0490207218935994,0.979411760963661,1.0010130428115638,1.0004947910132325,-0.0005146438624047,0.0005179954988137,58723119131.90686,1.458934353646583e+20,24.79608415226131,46.42860699638479,5479277768.514883,15.581968829003529,92
240,PRJNA606023,1.9825777452751807,1.431751706368229,0.0395432909155251,0.0114573544938667,0.1055297420744633,1.346799489510145,4.583346198189839,5.90324165518026,2.949647323076432,0.4691372094681044,9.476001555034465,15.657119054240145,0.9864506399034928,0.049271099692332,0.9874484543532964,0.9996382274335284,0.999831319862043,-0.0010104977585461,-0.0001931250048671,51441318682.55774,8.437866243440832e+19,24.66370456815263,45.88070675294475,-1802522680.834236,14.587463962064689,79
241,PRJNA606262,2.5079067910538417,1.72995373408154,-0.1508019254963226,-0.0869095159145871,0.1914882913873997,1.6042794837115395,4.074127768701979,3.311746677646913,1.8511424832378045,0.6799196387439649,5.222251411585795,9.052463181548667,0.9784931450596426,0.0490145272945825,0.9777187905624328,1.002296968878997,1.0010920593405626,0.0007920012427746,0.0012035951411186,51572222993.63765,6.055924023687752e+19,24.66624398874547,45.548662882874325,-1671618369.7543252,14.716784752748476,82
243,PRJNA606879,2.3517403041468734,1.6493975452811818,-0.0397898618049414,-0.0491487331005959,0.1578247313536285,1.7528175902595873,5.645679466267728,3.4964426259724264,2.357134706613461,0.6419157503966986,6.336142576788928,7.801514023815661,0.9796375408965028,0.0490974386713453,0.979838031959732,1.00214414955866,1.0010932400053851,-0.000204616535274,0.001049761911557,59050510732.71532,1.524424605327268e+20,24.801653665660584,46.47282313911167,5806669369.323345,21.16509279401589,109
244,PRJNA607574,2.6117726547643314,1.757905327670071,-0.2251102457083162,-0.1260637343199537,0.2133253808480303,1.6024581689956132,4.386220253223434,2.793475304736064,1.6344518380579052,0.7121150796712297,4.687674743739867,6.913159915282808,0.9729023643668856,0.0487144843890455,0.9717450086591626,1.0005702227689974,1.000305403657903,0.0011910076176464,0.0002647382590614,51729997334.10475,5.8680497998696464e+19,24.66929274188343,45.51769051815072,-1513844029.2872243,16.55012077489394,72
245,PRJNA609319,2.351668665961236,1.6216712418533124,-0.217060171423649,-0.1583931985970454,0.1553530476778335,1.710530699661556,4.825900539112611,3.066485569754979,2.1265094527835378,0.631689588414369,6.436951285782111,5.856406768122636,0.9739780706605166,0.0484978819739734,0.9729332783630776,0.9958391358249296,0.9979351460145688,0.0010738581161462,-0.0021003470997188,46966598541.44243,6.546120147910204e+19,24.572696033485144,45.6270934126989,-6277242821.949545,16.078355296157447,78
247,PRJNA623853,1.959557607551777,1.4204334841786608,0.0090153904483571,-0.0063645448968214,0.1494988426569122,1.5267333891542338,4.379519879027399,4.63188714207152,2.6179368043599127,0.4896514716107714,6.689014993212485,15.061174988710714,0.9878298345237008,0.0493790821951942,0.988727819418996,0.9988716354210002,0.999411597987078,-0.0009082225438169,-0.0005402804681927,64996062140.461136,1.4517471770618669e+20,24.89758601610909,46.42381437786727,11752220777.069157,14.507519189923965,84
248,PRJNA625181,2.13480568766432,1.5263504985680498,-0.0278169115457656,-0.0407258310168434,0.1695668917968416,1.618661892570648,4.70556149792485,3.679054584469176,2.260835051416458,0.5490638588073747,5.89737766260469,9.780709825273917,0.9835467083811004,0.0492547860672362,0.9839349908254552,1.0007414761185265,1.0003319305984133,-0.0003946220512283,0.0004094096245312,63320537281.12408,1.515276280052812e+20,24.871469171155702,46.46684002331606,10076695917.732113,15.147557310470184,74
249,PRJNA625750,2.3031878152978287,1.5962831186167084,-0.0368964619954579,-0.0725014508070718,0.1712222536168146,1.70872929005453,5.389276374878599,2.8198413856909155,2.185581075817126,0.6068067893332176,5.840362329524885,5.452336107069128,0.9775741858024356,0.0488110509318277,0.9776657342832912,0.9994479396384112,0.9997598078367578,-9.363985833332757e-05,-0.0003119431246405,57777838604.80337,1.1631405162300816e+20,24.775224470066924,46.190275403230814,4533997241.411395,17.33714817513374,79
250,PRJNA631001,2.145608300583553,1.5292187722319608,0.0180067446186495,-0.0199117770391199,0.1370073246276649,1.5078514903686178,3.965092396065861,4.108653848155565,2.608637151266936,0.5431334604911496,7.298879842502064,9.40013992904104,0.982950294457855,0.0492036491965333,0.9831487054332164,1.000778861878782,1.0003692859061513,-0.0002018117648581,0.0004094247778307,57035056435.25691,1.156215970509353e+20,24.766917219426137,46.19652501104714,3791215071.8649344,14.366189218326491,72
252,PRJNA633160,2.000051994682412,1.4330073480739496,0.0675993029584614,0.0206972320395451,0.1226099748719174,1.5207454696617515,4.197028449076082,4.285529727328777,2.9124138958815458,0.4889488571056761,8.155943274963024,9.030698381217082,0.985637679529167,0.0493094076650542,0.986641740096244,0.999499911589743,0.9997786970435528,-0.0010176546625516,-0.0002788471635115,66043677966.0246,1.0258817517004811e+20,24.91357649453948,46.0759729772502,12799836602.632626,12.93716748999618,76
253,PRJNA633879,2.5131475313573484,1.7142197849635994,-0.2626284674824881,-0.1500897529127354,0.1941283069317268,1.6340182139222068,5.756881758616895,3.029072687827893,1.7231595438454326,0.6878457442042045,5.151232274187046,7.352631296295371,0.9754449228792876,0.0487797809704679,0.9744585653617582,0.9994886187819072,0.9992651682357212,0.0010122108343963,0.0002236148654921,64336942371.80086,3.040877559199409e+19,24.887393402291963,44.85968912816615,11093101008.408886,20.26882802436882,95
254,PRJNA635382,2.5789646642883,1.7351068953144169,-0.1496739052021554,-0.1102406076485531,0.194267900071511,1.6833551086485194,5.111467778367755,2.645408291950533,1.814085650358728,0.6924426362545651,5.147530804790163,5.442307722417858,0.97097794158072,0.0485665018568349,0.9705649999877046,1.0005278469075152,1.0002475633275305,0.0004254651600055,0.0002802142092228,51642920121.74229,7.782379290759347e+19,24.66760989882404,45.80027575632132,-1600921241.6496856,18.151670310445592,92
255,PRJNA639644,2.243896875387165,1.5979574879872076,-0.0305403344948089,-0.0357895162487382,0.1547782168858072,1.5505350288692843,4.486550945447474,4.093224036325768,2.22227529273874,0.5374867355117133,6.4608574780118015,11.169692342848696,0.9823927557195448,0.0492090213692914,0.9826643288837356,1.0001712037649648,1.0001103585256343,-0.0002763641217133,6.083852528049327e-05,63303780261.32426,1.105520423439936e+20,24.871205614458898,46.15143279274652,10059938897.932276,16.189588501219212,76
256,PRJNA641414,2.469578417061974,1.6949604902799944,-0.0968156740746937,-0.0838289705952093,0.1551580601855132,1.538446909878733,5.1866431630506735,3.396900003244854,2.284776197481189,0.6494113799917508,6.445040617318623,7.182463431246748,0.9759317875912692,0.0487655950127258,0.9753978049137212,0.9993361124072454,0.9996691583757794,0.0005474511782352,-0.0003331561904691,47634535271.28737,7.326915867899496e+19,24.586717448531896,45.740128086312026,-5609306092.104606,17.64581986880555,92
260,PRJNA644520,2.3896288111300628,1.6515453107580167,-0.0945606516805406,-0.086960603796621,0.1579580951873715,1.4715779613016315,4.423769612927365,3.370027596356871,2.24290631980955,0.5875027238544591,6.330792979073278,7.2058891159843075,0.9751830833731387,0.0487721822615661,0.9751608025857572,1.001196919216404,1.0007726980131852,2.2848321346025106e-05,0.0004238936614286,47330643632.2911,1.191918553925184e+20,24.58031193946096,46.22564249493082,-5913197731.100876,15.332115028617476,71
261,PRJNA644655,1.9407641351657667,1.4107721001610856,0.0372016623322601,0.016736865503943,0.132741928546597,1.5639558339317392,4.799820438396218,5.251029968887668,2.880183330191872,0.4965837251304422,7.533414731495071,17.331953477444824,0.9889029444396122,0.0495023245174889,0.9896884379159788,1.0005372960790058,1.0002850230365952,-0.0007936775315073,0.0002522011592702,63009593460.507935,1.443005416864642e+20,24.86654494250582,46.41754271822198,9765752097.115955,14.511510170131086,96
264,PRJNA648321,2.3533830619769245,1.5783336730969608,-0.0933383377904415,-0.1462530485282387,0.1339618212764703,1.614756633366964,5.3445925984774085,2.5224633479439005,2.4378303823844725,0.6279653790062737,7.464813410801581,3.809871415117789,0.9709601139778564,0.0485601916127702,0.9701814609789772,1.000862705998509,1.0002465609258953,0.0008025849082844,0.0006159931927616,52395672703.890366,3.4946350880671224e+19,24.682079450833623,44.997275290096496,-848168659.5016143,18.96493967738173,97
267,PRJNA659589,2.250744881059941,1.5985531026436148,-0.0075685274124173,-0.028704636662669,0.146527552678032,1.606298255940646,5.245153941426375,4.070892122048876,2.5621568115582614,0.6006041700333725,6.824655033973853,10.088898464423162,0.98148671284858,0.0490766325169099,0.9819636625010736,0.999561381424267,0.9998518526887864,-0.0004857100834859,-0.0002905143034322,51700264469.856514,1.313473835392837e+20,24.66872135525293,46.323275651606245,-1543576893.5354643,18.34696898177409,88
268,PRJNA661289,1.9304206920768112,1.3975842988912746,0.0536904453464437,0.0242643862063003,0.1216761450417634,1.54331877178967,4.254845855835489,5.369372227570414,3.0362023450236726,0.4721265263247006,8.218537821499572,15.488179705673533,0.988254247669459,0.0493703092154695,0.9890481235303088,1.000298744183572,1.0000741181440138,-0.0008026665659262,0.0002246093919269,50848695107.690605,6.481435076824882e+19,24.652116018474302,45.61739199287668,-2395146255.7013664,13.304357075876968,81
269,PRJNA673102,2.121512347313036,1.5280074257349363,0.0381869742789375,0.0073773766880953,0.1316061024576385,1.511510304616687,5.0107951047499455,4.963949619081016,2.74092685800768,0.5495165526500425,7.598431845680415,14.31713316763014,0.9849459411355432,0.0492678836699311,0.9855857587086488,1.0003433654645133,1.000313054237952,-0.0006491749372919,3.030174047280454e-05,63921714074.304,1.571421699976885e+20,24.88091148637261,46.50247897197524,10677872710.912024,15.764987264608028,98
270,PRJNA674420,1.9975053453345164,1.4446388455566757,-0.0060149955421571,-0.0230136998971963,0.1217565114471425,1.4897473623233335,4.066923683979198,5.074159336173785,2.878989386818468,0.5201081965226394,8.21311310676082,13.276603478594032,0.9862120289802248,0.0493799296033463,0.9872896509502804,1.0003733763896734,1.000164715803053,-0.001091495255742,0.0002086262225842,65656846647.40529,1.409797765924524e+20,24.9077041158814,46.39491463276949,12413005284.013315,14.00674627006249,87
271,PRJNA674880,2.481577444419556,1.678091514014738,-0.0558430184948179,-0.0881710130044211,0.1578741227440731,1.6432178473759147,4.790651834419777,3.1699632325760976,2.2805042725092,0.6425433526039624,6.334160295674815,6.345703142417106,0.9685037636106956,0.0486575985472932,0.9691729901976064,1.00491135697864,1.0025349505221386,-0.000690513039137,0.0023703976158273,62343568485.14553,1.1755946060799531e+20,24.85591030912673,46.2129916896125,9099727121.753565,17.20333432482036,81
272,PRJNA678221,2.05570523517686,1.4843454435164491,0.0511187949046263,0.0148144853918192,0.123008134657267,1.681891256566594,4.399051259477953,5.056716017783038,2.8817400417284493,0.5191112924469913,8.12954364998919,13.378164515740332,0.9864300394491468,0.0493532530343708,0.9866618244995672,0.9999106212846804,0.999929199846559,-0.0002349184337177,-1.857987733677735e-05,50300597215.78369,5.270870920333749e+19,24.64128104160764,45.41061126608044,-2943244147.6082854,15.69722239775056,81
273,PRJNA682076,2.465636648373792,1.7011871593797636,-0.1800116505096354,-0.108298158085051,0.2342998979565476,1.6292400813354906,4.900441387296952,2.837819054346868,1.4999151099799142,0.6652036586206626,4.268034295881154,8.468591787949492,0.9794947527178336,0.0490131733238544,0.977400872127961,0.999826044556502,0.9999460021187764,0.0021422945790028,-0.0001199640400781,62501615641.91317,1.2012189240104912e+20,24.858450394836243,46.23458691519799,9257774278.521194,18.78157497017188,79
275,PRJNA685389,2.3279762650698,1.6330529708068071,-0.0136694624140658,-0.0400174448709031,0.1428115236165155,1.6410560015083473,4.721608033669336,3.848698127959803,2.392688634001917,0.6058944784743564,7.002236056841246,8.545796312352106,0.9790828358513676,0.0488941245428658,0.979221590515152,0.9991478161355246,0.9996519602577044,-0.0001416989424337,-0.0005043196454591,64372816462.96681,9.996838405190484e+19,24.887952917430205,46.050378359079474,11128975099.574837,14.750808294539672,96
276,PRJNA685403,2.6707966730114387,1.7715075035031198,-0.211470196600112,-0.1334999698169134,0.186300554063533,1.705695819020096,5.113054638872395,2.545388095149548,1.866281995772828,0.7235385227922607,5.367670563443284,4.841047947668153,0.9670098679100692,0.0482446547679026,0.9661557103126248,0.9973720776643706,0.9987246324736688,0.0008840786100285,-0.0013542820166037,64347849273.70828,3.088717496692354e+19,24.88756593715138,44.87600372537027,11104007910.316303,18.09354133369978,106
277,PRJNA685746,1.9254709664916083,1.3890197753286189,0.0295566552705126,0.0005685769814676,0.1232935134602641,1.5281883799875833,4.171573240380097,4.6012306515809245,2.912251707480479,0.4755123545104593,8.110726768462861,10.633812767060736,0.987817995314214,0.0493489227409433,0.9886107447180166,0.999453996579962,0.9997116031677556,-0.0008018822454014,-0.0002576809021496,67008854958.95679,1.660310054274735e+20,24.92808185682441,46.55771587663775,13765013595.564814,13.607792023787,86
278,PRJNA685914,2.3553559111733424,1.6511758783145811,0.0040911323660433,-0.0279486709056673,0.13924665590072,1.7503282148337775,4.912373276417887,3.794194235994667,2.578976732651588,0.6464064818193753,7.181501010070788,8.044151757005324,0.9794668446815266,0.0489614751979332,0.979674007904884,0.9997826747039492,0.9998900948813684,-0.0002114613858139,-0.0001074319847443,61785607497.15625,1.045240804305411e+20,24.84692819333329,46.095679202477896,8541766133.764275,15.337794838711094,114
279,PRJNA686801,2.030858429196244,1.4660836741161185,0.0103645778107561,-0.0099686810903465,0.1448632179312393,1.4890139720176925,4.883188945796016,4.588689542313394,2.558392614208985,0.5074806249360977,6.903063553887499,13.686645019879082,0.9855888616273468,0.0492489467319256,0.9866353382950904,1.000021168459018,0.9999220199627624,-0.0010606519218661,9.915622846201622e-05,60556200282.84794,1.5729587996688758e+20,24.82682027824756,46.503544825245925,7312358919.455963,16.188251476844975,85
280,PRJNA693579,2.2124976517408763,1.568316818896561,-0.1416197880693115,-0.1044303202327678,,,,,,,,,0.9822611675553444,0.0491049586644531,0.982030617480188,1.0005102617208763,1.000237765151414,0.0002347687241643,0.0002724317946753,51172852221.98857,7.075317930407077e+19,24.658456989051764,45.70484193431902,-2070989141.4034057,16.622019253680083,72
281,PRJNA699380,2.4441674167299365,1.691132562850311,-0.0521000822058534,-0.0548852599134281,,,,,,,,,0.9758779759760626,0.0486328727778823,0.9760619960573824,0.9987845260768304,0.9994232433102824,-0.0001885331895545,-0.00063908583048,46845678827.10309,6.587994970275095e+19,24.57010468727112,45.633437493112375,-6398162536.288884,17.212207544862263,77
282,PRJNA703470,2.02491861103883,1.414582834486931,-0.05878586046637,-0.1077142228812773,,,,,,,,,0.9804808375992672,0.0491400579668556,0.9811393283773848,1.0019850370421766,1.0009509006340918,-0.0006711491009199,0.0010331539813088,48378817149.62854,5.464455041327807e+19,24.602300145539303,45.4459195918266,-4865024213.763434,18.83534621227645,86
284,PRJNA706727,2.4068859565401013,1.6559782768152889,-0.1702182819297237,-0.1269062354388779,,,,,,,,,0.9752647079706956,0.0487695018895588,0.9748185891184752,0.9993103153756,0.9996289850774288,0.0004576429473137,-0.0003187879769255,44687897786.47548,6.377981310174892e+19,24.52295898915154,45.600908151335375,-8555943576.916494,17.113350977487492,87
285,PRJNA708262,2.021811925020505,1.4544593744601788,0.0010322229901298,-0.0201003534260963,,,,,,,,,0.9853174893177096,0.049284280713623,0.9864279470259032,1.0005617326803438,1.0003202930748936,-0.0011257362603542,0.0002413622987773,62818006448.19216,1.277194378634318e+20,24.86348602543592,46.295347780518966,9574165084.800194,14.074176637841637,78
287,PRJNA713358,1.878282401813543,1.3372044452252514,0.0472642349263847,0.006077894542054,,,,,,,,,0.9868545624348636,0.049426641320314,0.9881918828984398,1.0012185340424409,1.0005352465467543,-0.0013533003930914,0.0006829219640633,53633582685.0989,6.97301447148287e+19,24.70542264064956,45.69009663642371,389741321.7069252,13.81199471754675,76
288,PRJNA715036,1.9529297800649883,1.4160907394349254,-0.0003547041393436,-0.0141691412728617,,,,,,,,,0.988340158921645,0.0494434236993402,0.9889690410299712,0.9999528777473388,0.999925420525548,-0.0006358966582727,2.7459269688723253e-05,52720934910.0192,5.321547154404484e+19,24.688276233893696,45.419138008393645,-522906453.37277526,15.114618749949337,75
291,PRJNA720325,2.0217582733140347,1.4599251079642093,0.0534695871882693,0.0175761978612931,,,,,,,,,0.9866897344969427,0.0492940237804613,0.9873662954973316,1.0002798071053052,1.0001223288916277,-0.0006852178401003,0.0001574589518984,62914219252.350685,1.473120651624942e+20,24.8650296580102,46.43862194231404,9670377888.958706,14.588360902647414,88
292,PRJNA721421,2.09398911243797,1.5088694093649255,0.0400416352481713,0.0067306789621619,,,,,,,,,0.985101321254465,0.0491903705020341,0.985705067714225,0.9997097201195408,0.9998481679574568,-0.0006125021363235,-0.0001384688619261,53015070501.081406,9.581222834821844e+19,24.69383844184605,46.00830646806581,-228770862.31056595,13.96901598699946,84
293,PRJNA723466,2.222583766955758,1.589714675123636,-0.0336190070074171,-0.0308091702466264,,,,,,,,,0.9821477505848234,0.0492129869924291,0.9832679846027356,1.000947803595295,1.0003471626013414,-0.0011392967486527,0.0006004325462289,61636484842.38344,1.570525217273892e+20,24.84451286160796,46.50232856173207,8392643478.991465,14.934396953509232,70
294,PRJNA726866,2.066208255724054,1.484404085442303,0.0538097508149313,0.0119443325012229,,,,,,,,,0.9845554840828,0.0493036969762693,0.9853741989516314,1.0013705432270357,1.0005656446698996,-0.0008308669637405,0.0008044435279421,58239800180.71902,9.23087284923763e+19,24.784084855430248,45.95108476404681,4995958817.3270445,12.948663699942262,85
295,PRJNA726917,2.2060325023847023,1.566227012765863,0.0925968700286499,0.0235442216486698,,,,,,,,,0.9821136935811252,0.0490937099836648,0.9826741001895412,1.000177383352734,1.000135628042297,-0.0005702873499033,4.174964801384462e-05,61061331809.02586,8.939689619580645e+19,24.83514191661781,45.9392950176034,7817490445.633894,13.758339109042836,99
296,PRJNA727279,2.17527286417486,1.5518085266852126,-0.0179847137883037,-0.0369900308824009,,,,,,,,,0.9833791618787212,0.0492279936631025,0.9837134667527598,1.0006994986653102,1.0003283390285604,-0.0003398396843564,0.0003710378105554,62935448758.22166,1.813818891593716e+20,24.86536852353929,46.64664798401678,9691607394.829674,14.649040975444922,85
297,PRJNA728515,2.247347377517144,1.5802897430311966,0.0810569835938066,0.0019952708025003,,,,,,,,,0.978906052444986,0.0490876576027888,0.9793542378529756,1.0022975613445235,1.000984703721549,-0.0004576336024971,0.0013115661189364,54007793104.05407,9.484651511474572e+19,24.71238917044972,45.9969861726491,763951740.6620941,17.925567238668503,112
298,PRJNA729511,2.5349522304524017,1.7419708742922877,-0.0866646273578908,-0.0591442963533823,,,,,,,,,0.9768802117300298,0.0487372443370162,0.9764375822413808,0.9992332737730096,0.9996330911703092,0.0004533105819553,-0.0003999641476769,63711789078.72917,9.904682817601484e+19,24.87762140253872,46.04110411485375,10467947715.337204,18.364044353261985,83
299,PRJNA741048,2.4121470179018822,1.68802705362642,-0.0187671141979657,-0.0283392929842032,,,,,,,,,0.9783382011539796,0.0489572314796217,0.978838571459134,1.0011533285961138,1.0005463421017056,-0.0005111877685902,0.0006066550532115,56223239873.50365,1.306083524213858e+20,24.75258560500861,46.31542286904404,2979398510.1116743,17.317271758505775,92
300,PRJNA742936,1.889512902417345,1.3647713015362224,0.0558367594641171,0.0275313370882053,,,,,,,,,0.9885529774640872,0.0494567089080346,0.9894550257434692,0.9999679640176504,0.9999986401121784,-0.0009116617288431,-3.067613624396781e-05,66773416979.516525,1.29651988498349e+20,24.924482867047548,46.310920339223465,13529575616.124554,13.704695490969204,85
301,PRJNA743361,2.0548015728002813,1.4864231281152651,0.0624537076584519,0.0300268780779824,,,,,,,,,0.9859901933080526,0.0493004989657413,0.9868440226761748,0.9994268300931112,0.9996445685044326,-0.0008652120786085,-0.0002178158299275,53751943255.97456,1.364946092745852e+20,24.70764310775814,46.36162229950202,508101892.5825928,14.269269262285974,81
302,PRJNA760529,1.995028301055836,1.4480302706789068,0.0357544061935053,0.0126825474289793,,,,,,,,,0.9870989317419452,0.0493218273179454,0.98815545622915,0.9998842910494512,0.9999067487700966,-0.0010691885376382,-2.2459815050668297e-05,64352967966.49902,1.802930604554224e+20,24.887628838002733,46.64013436922911,11109126603.107054,14.749714592008509,89
304,PRJNA762994,2.3218827817483816,1.6248415431555951,-0.0366298207843569,-0.0553611251654728,,,,,,,,,0.9787011106102704,0.0490026343700425,0.9787613892724824,0.999934570907746,1.000056923468337,-6.158667768552117e-05,-0.0001223455962553,51430608456.96765,7.92105136640427e+19,24.663491451006173,45.81719040160407,-1813232906.4243248,15.896003972400043,81
305,PRJNA764337,2.220791218527464,1.583282879714226,0.0126692916419877,-0.0149039770825756,,,,,,,,,0.9824320657053776,0.0492148318058752,0.9826777593705728,1.0002552219924925,1.0002297719830353,-0.0002500246523871,2.544416310112929e-05,58870298996.77417,7.954867050406966e+19,24.79859709847132,45.82142430055875,5626457633.3821945,15.457156330760936,74
